# Blender 4.0.2
# www.blender.org
mtllib pyrolysis_oven.mtl
o Cylinder
v 1.000000 2.523500 0.000000
v -2.000000 2.459775 -0.000000
v 1.000000 2.450348 0.367759
v -2.000000 2.391474 0.343372
v 1.000000 2.242030 0.679530
v -2.000000 2.196970 0.634470
v 1.000000 1.930260 0.887848
v -2.000000 1.905872 0.828974
v 1.000000 1.562500 0.961000
v -2.000000 1.562500 0.897276
v 1.000000 1.194741 0.887848
v -2.000000 1.219127 0.828974
v 1.000000 0.882970 0.679530
v -2.000000 0.928030 0.634470
v 1.000000 0.674652 0.367759
v -2.000000 0.733525 0.343372
v 1.000000 0.601500 0.000000
v -2.000000 0.665224 -0.000000
v 1.000000 0.674652 -0.367759
v -2.000000 0.733525 -0.343373
v 1.000000 0.882970 -0.679530
v -2.000000 0.928030 -0.634470
v 1.000000 1.194741 -0.887848
v -2.000000 1.219127 -0.828975
v 1.000000 1.562500 -0.961000
v -2.000000 1.562500 -0.897276
v 1.000000 1.930259 -0.887848
v -2.000000 1.905872 -0.828975
v 1.000000 2.242030 -0.679530
v -2.000000 2.196970 -0.634470
v 1.000000 2.450348 -0.367759
v -2.000000 2.391474 -0.343373
v -2.000000 2.450348 0.367759
v -2.000000 2.523500 -0.000000
v -2.000000 2.242030 0.679530
v -2.000000 1.930260 0.887848
v -2.000000 1.562500 0.961000
v -2.000000 1.194741 0.887848
v -2.000000 0.882970 0.679530
v -2.000000 0.674652 0.367759
v -2.000000 0.601500 -0.000000
v -2.000000 0.674652 -0.367759
v -2.000000 0.882970 -0.679530
v -2.000000 1.194741 -0.887848
v -2.000000 1.562500 -0.961000
v -2.000000 1.930259 -0.887848
v -2.000000 2.242030 -0.679530
v -2.000000 2.450348 -0.367759
v -1.937500 2.332601 0.318986
v -1.937500 2.396051 -0.000000
v -1.937500 2.151910 0.589410
v -1.937500 1.881486 0.770101
v -1.937500 1.562500 0.833551
v -1.937500 1.243514 0.770101
v -1.937500 0.973090 0.589410
v -1.937500 0.792399 0.318986
v -1.937500 0.728949 -0.000000
v -1.937500 0.792399 -0.318986
v -1.937500 0.973090 -0.589410
v -1.937500 1.243514 -0.770101
v -1.937500 1.562500 -0.833551
v -1.937500 1.881486 -0.770101
v -1.937500 2.151910 -0.589410
v -1.937500 2.332601 -0.318986
v -1.937500 2.391474 0.343372
v -1.937500 2.459775 -0.000000
v -1.937500 2.196970 0.634470
v -1.937500 1.905872 0.828974
v -1.937500 1.562500 0.897276
v -1.937500 1.219127 0.828974
v -1.937500 0.928030 0.634470
v -1.937500 0.733525 0.343372
v -1.937500 0.665224 -0.000000
v -1.937500 0.733525 -0.343373
v -1.937500 0.928030 -0.634470
v -1.937500 1.219127 -0.828975
v -1.937500 1.562500 -0.897276
v -1.937500 1.905872 -0.828975
v -1.937500 2.196970 -0.634470
v -1.937500 2.391474 -0.343373
v 0.937500 2.332601 0.318986
v 0.937500 2.396051 0.000000
v 0.937500 2.151910 0.589410
v 0.937500 1.881486 0.770101
v 0.937500 1.562500 0.833551
v 0.937500 1.243514 0.770101
v 0.937500 0.973090 0.589410
v 0.937500 0.792399 0.318986
v 0.937500 0.728949 0.000000
v 0.937500 0.792399 -0.318986
v 0.937500 0.973090 -0.589410
v 0.937500 1.243514 -0.770101
v 0.937500 1.562500 -0.833551
v 0.937500 1.881486 -0.770101
v 0.937500 2.151910 -0.589410
v 0.937500 2.332601 -0.318986
v 0.937500 1.562500 0.000000
v 1.000000 1.562500 0.000000
v -3.872854 2.459775 -0.000000
v -3.997854 2.523500 -0.000000
v -3.872854 2.391474 0.343372
v -3.997854 2.450348 0.367759
v -3.872854 2.196970 0.634470
v -3.997854 2.242030 0.679529
v -3.872854 1.905873 0.828974
v -3.997854 1.930259 0.887848
v -3.872854 1.562500 0.897275
v -3.997854 1.562500 0.961000
v -3.872854 1.219127 0.828974
v -3.997854 1.194741 0.887848
v -3.872854 0.928030 0.634470
v -3.997854 0.882970 0.679529
v -3.872854 0.733526 0.343372
v -3.997854 0.674652 0.367759
v -3.872854 0.665224 -0.000000
v -3.997854 0.601500 -0.000000
v -3.872854 0.733526 -0.343373
v -3.997854 0.674652 -0.367759
v -3.872854 0.928030 -0.634470
v -3.997854 0.882970 -0.679530
v -3.872854 1.219127 -0.828975
v -3.997854 1.194741 -0.887848
v -3.872854 1.562500 -0.897276
v -3.997854 1.562500 -0.961000
v -3.872854 1.905873 -0.828975
v -3.997854 1.930259 -0.887848
v -3.872854 2.196970 -0.634470
v -3.997854 2.242030 -0.679530
v -3.872854 2.391474 -0.343373
v -3.997854 2.450348 -0.367759
v -3.872854 2.523500 -0.000000
v -3.872854 2.450348 0.367759
v -3.872854 2.242030 0.679529
v -3.872854 1.930259 0.887848
v -3.872854 1.562500 0.961000
v -3.872854 1.194741 0.887848
v -3.872854 0.882970 0.679529
v -3.872854 0.674652 0.367759
v -3.872854 0.601500 -0.000000
v -3.872854 0.674652 -0.367759
v -3.872854 0.882970 -0.679530
v -3.872854 1.194741 -0.887848
v -3.872854 1.562500 -0.961000
v -3.872854 1.930259 -0.887848
v -3.872854 2.242030 -0.679530
v -3.872854 2.450348 -0.367759
v -3.810354 2.459775 -0.000000
v -3.810354 2.391474 0.343372
v -3.810354 2.196970 0.634470
v -3.810354 1.905873 0.828974
v -3.810354 1.562500 0.897275
v -3.810354 1.219127 0.828974
v -3.810354 0.928030 0.634470
v -3.810354 0.733526 0.343372
v -3.810354 0.665224 -0.000000
v -3.810354 0.733526 -0.343373
v -3.810354 0.928030 -0.634470
v -3.810354 1.219127 -0.828975
v -3.810354 1.562500 -0.897276
v -3.810354 1.905873 -0.828975
v -3.810354 2.196970 -0.634470
v -3.810354 2.391474 -0.343373
v -3.810354 1.562500 -0.000000
v -3.997854 1.562500 -0.000000
v -3.698948 1.125000 -0.437500
v -3.636448 1.187500 -0.375000
v -1.198948 1.125000 -0.437500
v -1.261448 1.187500 -0.375000
v -3.698948 1.125000 0.437500
v -3.636448 1.187500 0.375000
v -1.198948 1.125000 0.437500
v -1.261448 1.187500 0.375000
v -3.698948 1.250000 -0.437500
v -1.198948 1.250000 -0.437500
v -1.198948 1.250000 0.437500
v -3.698948 1.250000 0.437500
v -3.823948 1.093750 0.468750
v -3.823948 2.031250 0.468750
v -3.761448 1.093750 0.468750
v -3.761448 2.031250 0.468750
v -3.823948 1.093750 0.531250
v -3.823948 2.031250 0.531250
v -3.761448 1.093750 0.531250
v -3.761448 2.031250 0.531250
v -3.823948 1.093750 -0.531250
v -3.823948 2.031250 -0.531250
v -3.761448 1.093750 -0.531250
v -3.761448 2.031250 -0.531250
v -3.823948 1.093750 -0.468750
v -3.823948 2.031250 -0.468750
v -3.761448 1.093750 -0.468750
v -3.761448 2.031250 -0.468750
v -3.823948 2.093750 -0.468750
v -3.823948 2.093750 0.468750
v -3.761448 2.093750 -0.468750
v -3.761448 2.093750 0.468750
v -3.823948 2.031250 -0.468750
v -3.823948 2.031250 0.468750
v -3.761448 2.031250 -0.468750
v -3.761448 2.031250 0.468750
v -3.823948 1.093750 -0.468750
v -3.823948 1.093750 0.468750
v -3.761448 1.093750 -0.468750
v -3.761448 1.093750 0.468750
v -3.823948 1.031250 -0.468750
v -3.823948 1.031250 0.468750
v -3.761448 1.031250 -0.468750
v -3.761448 1.031250 0.468750
v -3.823948 2.093750 0.468750
v -1.261448 2.093750 0.468750
v -3.823948 2.031250 0.531250
v -3.823948 2.093750 0.531250
v -1.261448 2.031250 0.531250
v -1.261448 2.093750 0.531250
v -3.823948 2.031250 -0.531250
v -3.823948 2.093750 -0.531250
v -1.261448 2.031250 -0.531250
v -1.261448 2.093750 -0.531250
v -3.823948 2.093750 -0.468750
v -1.261448 2.093750 -0.468750
v -3.823948 1.031250 0.468750
v -1.261448 1.031250 0.468750
v -3.823948 1.031250 0.531250
v -3.823948 1.093750 0.531250
v -1.261448 1.031250 0.531250
v -1.261448 1.093750 0.531250
v -3.823948 1.031250 -0.531250
v -3.823948 1.093750 -0.531250
v -1.261448 1.031250 -0.531250
v -1.261448 1.093750 -0.531250
v -3.823948 1.031250 -0.468750
v -3.761448 1.093750 0.468750
v -1.261448 1.031250 -0.468750
v -3.761448 1.031250 0.468750
v -3.761448 1.093750 -0.531250
v -1.261448 1.093750 -0.531250
v -3.761448 1.031250 -0.468750
v -3.761448 1.093750 -0.468750
v -1.261448 1.031250 -0.468750
v -1.261448 1.093750 -0.468750
v -1.261448 1.031250 0.468750
v -1.261448 1.093750 0.468750
v -3.761448 1.093750 0.531250
v -1.261448 1.093750 0.531250
v -3.761448 2.031250 0.468750
v -3.761448 2.093750 0.468750
v -1.261448 2.031250 0.468750
v -1.261448 2.093750 0.468750
v -3.761448 2.031250 0.531250
v -1.261448 2.031250 0.531250
v -3.761448 2.031250 -0.531250
v -1.261448 2.031250 -0.531250
v -3.761448 2.031250 -0.468750
v -3.761448 2.093750 -0.468750
v -1.261448 2.031250 -0.468750
v -1.261448 2.093750 -0.468750
v -3.636448 1.187500 0.437500
v -3.636448 1.093750 0.468750
v -3.511448 1.187500 0.437500
v -3.511448 1.093750 0.468750
v -2.636448 1.187500 0.437500
v -2.636448 1.093750 0.468750
v -2.511448 1.187500 0.437500
v -2.511448 1.093750 0.468750
v -1.636448 1.187500 0.437500
v -1.636448 1.093750 0.468750
v -1.511448 1.187500 0.437500
v -1.511448 1.093750 0.468750
v -3.636448 1.187500 -0.437500
v -3.636448 1.093750 -0.468750
v -3.511448 1.187500 -0.437500
v -3.511448 1.093750 -0.468750
v -2.636448 1.187500 -0.437500
v -2.636448 1.093750 -0.468750
v -2.511448 1.187500 -0.437500
v -2.511448 1.093750 -0.468750
v -1.636448 1.187500 -0.437500
v -1.636448 1.093750 -0.468750
v -1.511448 1.187500 -0.437500
v -1.511448 1.093750 -0.468750
v -3.636448 1.187500 0.437500
v -3.636448 1.093750 0.468750
v -3.511448 1.187500 0.437500
v -3.511448 1.093750 0.468750
v -2.636448 1.187500 0.437500
v -2.636448 1.093750 0.468750
v -2.511448 1.187500 0.437500
v -2.511448 1.093750 0.468750
v -1.636448 1.187500 0.437500
v -1.636448 1.093750 0.468750
v -1.511448 1.187500 0.437500
v -1.511448 1.093750 0.468750
v -3.636448 1.187500 -0.437500
v -3.636448 1.093750 -0.468750
v -3.511448 1.187500 -0.437500
v -3.511448 1.093750 -0.468750
v -2.636448 1.187500 -0.437500
v -2.636448 1.093750 -0.468750
v -2.511448 1.187500 -0.437500
v -2.511448 1.093750 -0.468750
v -1.636448 1.187500 -0.437500
v -1.636448 1.093750 -0.468750
v -1.511448 1.187500 -0.437500
v -1.511448 1.093750 -0.468750
v -3.562500 0.000000 0.625000
v -3.750000 0.125000 0.687500
v -3.812500 0.000000 0.625000
v -3.625000 0.125000 0.687500
v -3.562500 0.000000 0.875000
v -3.750000 0.125000 0.812500
v -3.812500 0.000000 0.875000
v -3.625000 0.125000 0.812500
v -4.125000 0.750000 0.812500
v -4.125000 0.750000 0.687500
v -4.125000 0.875000 0.812500
v -4.125000 0.875000 0.687500
v 1.125000 0.750000 0.687500
v 1.125000 0.750000 0.812500
v 1.125000 0.875000 0.687500
v 1.125000 0.875000 0.812500
v 0.562500 0.000000 0.625000
v 0.625000 0.125000 0.687500
v 0.812500 0.000000 0.625000
v 0.750000 0.125000 0.687500
v 0.562500 0.000000 0.875000
v 0.625000 0.125000 0.812500
v 0.812500 0.000000 0.875000
v 0.750000 0.125000 0.812500
v 0.562500 0.125000 0.625000
v 0.812500 0.125000 0.625000
v 0.812500 0.125000 0.875000
v 0.562500 0.125000 0.875000
v 0.625000 0.750000 0.687500
v 0.750000 0.750000 0.687500
v 0.750000 0.750000 0.812500
v 0.625000 0.750000 0.812500
v -3.812500 0.125000 0.625000
v -3.562500 0.125000 0.625000
v -3.562500 0.125000 0.875000
v -3.812500 0.125000 0.875000
v -3.750000 0.750000 0.687500
v -3.625000 0.750000 0.687500
v -3.625000 0.750000 0.812500
v -3.750000 0.750000 0.812500
v -1.375000 0.000000 0.625000
v -1.562500 0.125000 0.687500
v -1.625000 0.000000 0.625000
v -1.437500 0.125000 0.687500
v -1.375000 0.000000 0.875000
v -1.562500 0.125000 0.812500
v -1.625000 0.000000 0.875000
v -1.437500 0.125000 0.812500
v -1.625000 0.125000 0.625000
v -1.375000 0.125000 0.625000
v -1.375000 0.125000 0.875000
v -1.625000 0.125000 0.875000
v -1.562500 0.750000 0.687500
v -1.437500 0.750000 0.687500
v -1.437500 0.750000 0.812500
v -1.562500 0.750000 0.812500
v -2.500000 0.000000 0.625000
v -2.687500 0.125000 0.687500
v -2.750000 0.000000 0.625000
v -2.562500 0.125000 0.687500
v -2.500000 0.000000 0.875000
v -2.687500 0.125000 0.812500
v -2.750000 0.000000 0.875000
v -2.562500 0.125000 0.812500
v -2.750000 0.125000 0.625000
v -2.500000 0.125000 0.625000
v -2.500000 0.125000 0.875000
v -2.750000 0.125000 0.875000
v -2.687500 0.750000 0.687500
v -2.562500 0.750000 0.687500
v -2.562500 0.750000 0.812500
v -2.687500 0.750000 0.812500
v -0.250000 0.000000 0.625000
v -0.437500 0.125000 0.687500
v -0.500000 0.000000 0.625000
v -0.312500 0.125000 0.687500
v -0.250000 0.000000 0.875000
v -0.437500 0.125000 0.812500
v -0.500000 0.000000 0.875000
v -0.312500 0.125000 0.812500
v -0.500000 0.125000 0.625000
v -0.250000 0.125000 0.625000
v -0.250000 0.125000 0.875000
v -0.500000 0.125000 0.875000
v -0.437500 0.750000 0.687500
v -0.312500 0.750000 0.687500
v -0.312500 0.750000 0.812500
v -0.437500 0.750000 0.812500
v -3.562500 0.000000 -0.875000
v -3.750000 0.125000 -0.812500
v -3.812500 0.000000 -0.875000
v -3.625000 0.125000 -0.812500
v -3.562500 0.000000 -0.625000
v -3.750000 0.125000 -0.687500
v -3.812500 0.000000 -0.625000
v -3.625000 0.125000 -0.687500
v -4.125000 0.750000 -0.687500
v -4.125000 0.750000 -0.812500
v -4.125000 0.875000 -0.687500
v -4.125000 0.875000 -0.812500
v 1.125000 0.750000 -0.812500
v 1.125000 0.750000 -0.687500
v 1.125000 0.875000 -0.812500
v 1.125000 0.875000 -0.687500
v 0.562500 0.000000 -0.875000
v 0.625000 0.125000 -0.812500
v 0.812500 0.000000 -0.875000
v 0.750000 0.125000 -0.812500
v 0.562500 0.000000 -0.625000
v 0.625000 0.125000 -0.687500
v 0.812500 0.000000 -0.625000
v 0.750000 0.125000 -0.687500
v 0.562500 0.125000 -0.875000
v 0.812500 0.125000 -0.875000
v 0.812500 0.125000 -0.625000
v 0.562500 0.125000 -0.625000
v 0.625000 0.750000 -0.812500
v 0.750000 0.750000 -0.812500
v 0.750000 0.750000 -0.687500
v 0.625000 0.750000 -0.687500
v -3.812500 0.125000 -0.875000
v -3.562500 0.125000 -0.875000
v -3.562500 0.125000 -0.625000
v -3.812500 0.125000 -0.625000
v -3.750000 0.750000 -0.812500
v -3.625000 0.750000 -0.812500
v -3.625000 0.750000 -0.687500
v -3.750000 0.750000 -0.687500
v -1.375000 0.000000 -0.875000
v -1.562500 0.125000 -0.812500
v -1.625000 0.000000 -0.875000
v -1.437500 0.125000 -0.812500
v -1.375000 0.000000 -0.625000
v -1.562500 0.125000 -0.687500
v -1.625000 0.000000 -0.625000
v -1.437500 0.125000 -0.687500
v -1.625000 0.125000 -0.875000
v -1.375000 0.125000 -0.875000
v -1.375000 0.125000 -0.625000
v -1.625000 0.125000 -0.625000
v -1.562500 0.750000 -0.812500
v -1.437500 0.750000 -0.812500
v -1.437500 0.750000 -0.687500
v -1.562500 0.750000 -0.687500
v -2.500000 0.000000 -0.875000
v -2.687500 0.125000 -0.812500
v -2.750000 0.000000 -0.875000
v -2.562500 0.125000 -0.812500
v -2.500000 0.000000 -0.625000
v -2.687500 0.125000 -0.687500
v -2.750000 0.000000 -0.625000
v -2.562500 0.125000 -0.687500
v -2.750000 0.125000 -0.875000
v -2.500000 0.125000 -0.875000
v -2.500000 0.125000 -0.625000
v -2.750000 0.125000 -0.625000
v -2.687500 0.750000 -0.812500
v -2.562500 0.750000 -0.812500
v -2.562500 0.750000 -0.687500
v -2.687500 0.750000 -0.687500
v -0.250000 0.000000 -0.875000
v -0.437500 0.125000 -0.812500
v -0.500000 0.000000 -0.875000
v -0.312500 0.125000 -0.812500
v -0.250000 0.000000 -0.625000
v -0.437500 0.125000 -0.687500
v -0.500000 0.000000 -0.625000
v -0.312500 0.125000 -0.687500
v -0.500000 0.125000 -0.875000
v -0.250000 0.125000 -0.875000
v -0.250000 0.125000 -0.625000
v -0.500000 0.125000 -0.625000
v -0.437500 0.750000 -0.812500
v -0.312500 0.750000 -0.812500
v -0.312500 0.750000 -0.687500
v -0.437500 0.750000 -0.687500
v 0.750000 1.000000 -0.562500
v 0.875000 1.000000 -0.562500
v 0.750000 1.000000 0.562500
v 0.875000 1.000000 0.562500
v 0.750000 2.125000 -0.562500
v 0.875000 2.125000 -0.562500
v 0.750000 2.125000 0.562500
v 0.875000 2.125000 0.562500
v 0.875000 1.000000 0.437500
v 0.875000 1.000000 -0.437500
v 0.875000 1.125000 -0.437500
v 0.875000 1.125000 0.437500
v 0.750000 1.000000 -0.437500
v 0.750000 1.000000 0.437500
v 0.750000 1.125000 0.437500
v 0.750000 1.125000 -0.437500
v 0.875000 2.000000 0.437500
v 0.875000 2.000000 -0.437500
v 0.875000 2.125000 -0.437500
v 0.875000 2.125000 0.437500
v 0.750000 2.000000 -0.437500
v 0.750000 2.000000 0.437500
v 0.750000 2.125000 0.437500
v 0.750000 2.125000 -0.437500
v 0.875000 1.000000 -0.562500
v 0.875000 1.000000 0.562500
v 0.875000 2.125000 -0.562500
v 0.875000 2.125000 0.562500
v 0.875000 1.000000 0.437500
v 0.875000 1.000000 -0.437500
v 0.875000 2.125000 -0.437500
v 0.875000 2.125000 0.437500
v 0.750000 1.000000 -0.562500
v 0.875000 1.000000 -0.562500
v 0.750000 1.000000 0.562500
v 0.875000 1.000000 0.562500
v 0.750000 2.125000 -0.562500
v 0.875000 2.125000 -0.562500
v 0.750000 2.125000 0.562500
v 0.875000 2.125000 0.562500
v -1.250000 1.000000 -0.562500
v -1.125000 1.000000 -0.562500
v -1.250000 1.000000 0.562500
v -1.125000 1.000000 0.562500
v -1.250000 2.125000 -0.562500
v -1.125000 2.125000 -0.562500
v -1.250000 2.125000 0.562500
v -1.125000 2.125000 0.562500
v -1.125000 1.000000 0.437500
v -1.125000 1.000000 -0.437500
v -1.125000 1.125000 -0.437500
v -1.125000 1.125000 0.437500
v -1.250000 1.000000 -0.437500
v -1.250000 1.000000 0.437500
v -1.250000 1.125000 0.437500
v -1.250000 1.125000 -0.437500
v -1.125000 2.000000 0.437500
v -1.125000 2.000000 -0.437500
v -1.125000 2.125000 -0.437500
v -1.125000 2.125000 0.437500
v -1.250000 2.000000 -0.437500
v -1.250000 2.000000 0.437500
v -1.250000 2.125000 0.437500
v -1.250000 2.125000 -0.437500
v -1.250000 1.000000 -0.562500
v -1.250000 1.000000 0.562500
v -1.250000 2.125000 -0.562500
v -1.250000 2.125000 0.562500
v -1.250000 1.000000 -0.437500
v -1.250000 1.000000 0.437500
v -1.250000 2.125000 0.437500
v -1.250000 2.125000 -0.437500
v -1.250000 1.000000 -0.562500
v -1.125000 1.000000 -0.562500
v -1.250000 1.000000 0.562500
v -1.125000 1.000000 0.562500
v -1.250000 2.125000 -0.562500
v -1.125000 2.125000 -0.562500
v -1.250000 2.125000 0.562500
v -1.125000 2.125000 0.562500
v 0.750000 1.125000 -0.562500
v -1.125000 1.125000 -0.562500
v 0.750000 1.125000 0.562500
v -1.125000 1.125000 0.562500
v 0.750000 1.000000 0.562500
v -1.125000 1.000000 0.562500
v 0.750000 1.000000 -0.562500
v -1.125000 1.000000 -0.562500
v 0.750000 2.000000 0.562500
v 0.750000 2.125000 0.562500
v -1.125000 2.000000 0.562500
v -1.125000 2.125000 0.562500
v 0.750000 2.000000 -0.562500
v 0.750000 2.125000 -0.562500
v -1.125000 2.000000 -0.562500
v -1.125000 2.125000 -0.562500
v 1.125000 0.000000 -1.000000
v 3.000000 -0.000000 -1.000000
v 1.125000 0.000000 1.000000
v 3.000000 -0.000000 1.000000
v 1.125000 1.000000 -0.937500
v 1.125000 0.937500 -1.000000
v 2.937500 1.000000 -0.937500
v 3.000000 0.937500 -1.000000
v 1.125000 0.937500 1.000000
v 1.125000 1.000000 0.937500
v 2.937500 1.000000 0.937500
v 3.000000 0.937500 1.000000
v 1.125000 0.250000 1.000000
v 1.125000 0.750000 1.000000
v 3.000000 0.750000 1.000000
v 3.000000 0.250000 1.000000
v 2.750000 0.750000 1.000000
v 2.750000 0.250000 1.000000
v 2.250000 0.750000 1.000000
v 2.250000 0.250000 1.000000
v 1.750000 0.750000 1.000000
v 1.750000 0.250000 1.000000
v 1.250000 0.750000 1.000000
v 1.250000 0.250000 1.000000
v 2.750000 0.750000 0.937500
v 2.750000 0.250000 0.937500
v 2.250000 0.750000 0.937500
v 2.250000 0.250000 0.937500
v 1.750000 0.750000 0.937500
v 1.750000 0.250000 0.937500
v 1.250000 0.750000 0.937500
v 1.250000 0.250000 0.937500
v 1.125000 0.000000 1.000000
v 3.000000 -0.000000 1.000000
v 1.125000 0.937500 1.000000
v 3.000000 0.937500 1.000000
v 1.125000 0.250000 1.000000
v 1.125000 0.750000 1.000000
v 3.000000 0.750000 1.000000
v 3.000000 0.250000 1.000000
v 1.125000 0.250000 -1.000000
v 1.125000 0.750000 -1.000000
v 3.000000 0.750000 -1.000000
v 3.000000 0.250000 -1.000000
v 2.750000 0.750000 -1.000000
v 2.750000 0.250000 -1.000000
v 2.250000 0.750000 -1.000000
v 2.250000 0.250000 -1.000000
v 1.750000 0.750000 -1.000000
v 1.750000 0.250000 -1.000000
v 1.250000 0.750000 -1.000000
v 1.250000 0.250000 -1.000000
v 2.750000 0.750000 -0.937500
v 2.750000 0.250000 -0.937500
v 2.250000 0.750000 -0.937500
v 2.250000 0.250000 -0.937500
v 1.750000 0.750000 -0.937500
v 1.750000 0.250000 -0.937500
v 1.250000 0.750000 -0.937500
v 1.250000 0.250000 -0.937500
v 1.125000 0.000000 -1.000000
v 3.000000 -0.000000 -1.000000
v 1.125000 0.937500 -1.000000
v 3.000000 0.937500 -1.000000
v 1.125000 0.250000 -1.000000
v 1.125000 0.750000 -1.000000
v 3.000000 0.750000 -1.000000
v 3.000000 0.250000 -1.000000
v 2.750000 0.750000 -1.000000
v 2.250000 0.750000 -1.000000
v 1.750000 0.750000 -1.000000
v 1.250000 0.750000 -1.000000
v 1.750000 0.750000 -1.000000
v 1.750000 0.250000 -1.000000
v 1.125000 1.000000 -0.875000
v 1.125000 2.375000 -0.875000
v 2.062500 1.000000 -0.875000
v 1.125000 1.000000 0.375000
v 1.125000 2.375000 0.375000
v 2.062500 1.000000 0.375000
v 1.812500 2.375000 -0.875000
v 2.062500 2.125000 -0.875000
v 2.062500 2.125000 0.375000
v 1.812500 2.375000 0.375000
v 1.187500 1.062500 0.375000
v 1.187500 2.125000 0.375000
v 2.000000 1.062500 0.375000
v 2.000000 2.125000 0.375000
v 1.187500 1.062500 0.812500
v 1.187500 2.125000 0.812500
v 2.000000 1.062500 0.812500
v 2.000000 2.125000 0.812500
v 2.062500 1.000000 -0.875000
v 2.062500 1.500000 -0.875000
v 2.875000 1.000000 -0.875000
v 2.875000 1.500000 -0.875000
v 2.062500 1.000000 0.750000
v 2.062500 1.500000 0.750000
v 2.875000 1.000000 0.750000
v 2.875000 1.500000 0.750000
v 1.312500 0.312500 0.937500
v 1.312500 0.687500 0.937500
v 1.687500 0.312500 0.937500
v 1.687500 0.687500 0.937500
v 1.312500 0.312500 1.000000
v 1.312500 0.687500 1.000000
v 1.687500 0.312500 1.000000
v 1.687500 0.687500 1.000000
v 2.312500 0.312500 0.937500
v 2.312500 0.687500 0.937500
v 2.687500 0.312500 0.937500
v 2.687500 0.687500 0.937500
v 2.312500 0.312500 1.000000
v 2.312500 0.687500 1.000000
v 2.687500 0.312500 1.000000
v 2.687500 0.687500 1.000000
v 2.687500 0.312500 -0.937500
v 2.687500 0.687500 -0.937500
v 2.312500 0.312500 -0.937500
v 2.312500 0.687500 -0.937500
v 2.687500 0.312500 -1.000000
v 2.687500 0.687500 -1.000000
v 2.312500 0.312500 -1.000000
v 2.312500 0.687500 -1.000000
v 1.687500 0.312500 -0.937500
v 1.687500 0.687500 -0.937500
v 1.312500 0.312500 -0.937500
v 1.312500 0.687500 -0.937500
v 1.687500 0.312500 -1.000000
v 1.687500 0.687500 -1.000000
v 1.312500 0.312500 -1.000000
v 1.312500 0.687500 -1.000000
v -0.281250 1.562500 1.086000
v -0.468750 1.562500 1.086000
v -0.281250 1.146906 1.003333
v -0.468750 1.146906 1.003333
v -0.281250 0.794582 0.767918
v -0.468750 0.794582 0.767918
v -0.281250 0.559167 0.415594
v -0.468750 0.559167 0.415594
v -0.281250 0.476500 0.000000
v -0.468750 0.476500 0.000000
v -0.281250 0.559167 -0.415594
v -0.468750 0.559167 -0.415594
v -0.281250 0.794582 -0.767918
v -0.468750 0.794582 -0.767918
v -0.281250 1.146906 -1.003333
v -0.468750 1.146906 -1.003333
v -0.281250 1.562500 -1.086000
v -0.468750 1.562500 -1.086000
v -0.281250 1.562500 0.961000
v -0.468750 1.562500 0.961000
v -0.281250 1.194741 0.887848
v -0.468750 1.194741 0.887848
v -0.281250 0.882970 0.679530
v -0.468750 0.882970 0.679530
v -0.281250 0.674652 0.367759
v -0.468750 0.674652 0.367759
v -0.281250 0.601500 0.000000
v -0.468750 0.601500 0.000000
v -0.281250 0.674652 -0.367759
v -0.468750 0.674652 -0.367759
v -0.281250 0.882970 -0.679530
v -0.468750 0.882970 -0.679530
v -0.281250 1.194741 -0.887848
v -0.468750 1.194741 -0.887848
v -0.281250 1.562500 -0.961000
v -0.468750 1.562500 -0.961000
v -0.281250 1.930260 0.887848
v -0.468750 1.930260 0.887848
v -0.281250 1.930260 -0.887848
v -0.468750 1.930260 -0.887848
v -1.406250 1.562500 1.086000
v -1.593750 1.562500 1.086000
v -1.406250 1.146906 1.003333
v -1.593750 1.146906 1.003333
v -1.406250 0.794582 0.767918
v -1.593750 0.794582 0.767918
v -1.406250 0.559167 0.415594
v -1.593750 0.559167 0.415594
v -1.406250 0.476500 -0.000000
v -1.593750 0.476500 -0.000000
v -1.406250 0.559167 -0.415594
v -1.593750 0.559167 -0.415594
v -1.406250 0.794582 -0.767918
v -1.593750 0.794582 -0.767918
v -1.406250 1.146906 -1.003333
v -1.593750 1.146906 -1.003333
v -1.406250 1.562500 -1.086000
v -1.593750 1.562500 -1.086000
v -1.406250 1.562500 0.961000
v -1.593750 1.562500 0.961000
v -1.406250 1.194741 0.887848
v -1.593750 1.194741 0.887848
v -1.406250 0.882970 0.679530
v -1.593750 0.882970 0.679530
v -1.406250 0.674652 0.367759
v -1.593750 0.674652 0.367759
v -1.406250 0.601500 -0.000000
v -1.593750 0.601500 -0.000000
v -1.406250 0.674652 -0.367759
v -1.593750 0.674652 -0.367759
v -1.406250 0.882970 -0.679530
v -1.593750 0.882970 -0.679530
v -1.406250 1.194741 -0.887848
v -1.593750 1.194741 -0.887848
v -1.406250 1.562500 -0.961000
v -1.593750 1.562500 -0.961000
v -1.406250 1.930260 0.887848
v -1.593750 1.930260 0.887848
v -1.406250 1.930260 -0.887848
v -1.593750 1.930260 -0.887848
v 0.781250 1.562500 1.086000
v 0.593750 1.562500 1.086000
v 0.781250 1.146906 1.003333
v 0.593750 1.146906 1.003333
v 0.781250 0.794582 0.767918
v 0.593750 0.794582 0.767918
v 0.781250 0.559167 0.415594
v 0.593750 0.559167 0.415594
v 0.781250 0.476500 0.000000
v 0.593750 0.476500 0.000000
v 0.781250 0.559167 -0.415594
v 0.593750 0.559167 -0.415594
v 0.781250 0.794582 -0.767918
v 0.593750 0.794582 -0.767918
v 0.781250 1.146906 -1.003333
v 0.593750 1.146906 -1.003333
v 0.781250 1.562500 -1.086000
v 0.593750 1.562500 -1.086000
v 0.781250 1.562500 0.961000
v 0.593750 1.562500 0.961000
v 0.781250 1.194741 0.887848
v 0.593750 1.194741 0.887848
v 0.781250 0.882970 0.679530
v 0.593750 0.882970 0.679530
v 0.781250 0.674652 0.367759
v 0.593750 0.674652 0.367759
v 0.781250 0.601500 0.000000
v 0.593750 0.601500 0.000000
v 0.781250 0.674652 -0.367759
v 0.593750 0.674652 -0.367759
v 0.781250 0.882970 -0.679530
v 0.593750 0.882970 -0.679530
v 0.781250 1.194741 -0.887848
v 0.593750 1.194741 -0.887848
v 0.781250 1.562500 -0.961000
v 0.593750 1.562500 -0.961000
v 0.781250 1.930260 0.887848
v 0.593750 1.930260 0.887848
v 0.781250 1.930260 -0.887848
v 0.593750 1.930260 -0.887848
vn -0.0000 1.0000 -0.0000
vn -0.0000 0.9239 0.3827
vn -0.0000 0.7071 0.7071
vn -0.0000 0.3827 0.9239
vn -0.0000 -0.0000 1.0000
vn -0.0000 -0.3827 0.9239
vn -0.0000 -0.7071 0.7071
vn -0.0000 -0.9239 0.3827
vn -0.0000 -1.0000 -0.0000
vn -0.0000 -0.9239 -0.3827
vn -0.0000 -0.7071 -0.7071
vn -0.0000 -0.3827 -0.9239
vn -0.0000 -0.0000 -1.0000
vn -0.0000 0.3827 -0.9239
vn -0.0000 0.7071 -0.7071
vn -0.0000 0.9239 -0.3827
vn -1.0000 -0.0000 -0.0000
vn 1.0000 -0.0000 -0.0000
vn -0.7071 0.7071 -0.0000
vn 0.7071 0.7071 -0.0000
vn -0.0000 0.3162 0.9487
vn -0.0000 0.3162 -0.9487
vn -0.0000 -0.3162 -0.9487
vn -0.0000 -0.3162 0.9487
vn -0.0000 0.1484 0.9889
vn -0.0000 0.1484 -0.9889
vn -0.0000 0.4743 -0.8803
vn -0.0000 0.4743 0.8803
vt 0.023438 0.747423
vt 0.000000 0.500000
vt 0.023438 0.500000
vt 0.046875 0.747423
vt 0.046875 0.500000
vt 0.070312 0.747423
vt 0.070312 0.500000
vt 0.093750 0.747423
vt 0.093750 0.500000
vt 0.117188 0.747423
vt 0.117188 0.500000
vt 0.140625 0.747423
vt 0.140625 0.500000
vt 0.164062 0.747423
vt 0.164062 0.500000
vt 0.187500 0.747423
vt 0.187500 0.500000
vt 0.210938 0.747423
vt 0.210938 0.500000
vt 0.234375 0.747423
vt 0.234375 0.500000
vt 0.257812 0.747423
vt 0.257812 0.500000
vt 0.281250 0.747423
vt 0.281250 0.500000
vt 0.304688 0.747423
vt 0.304688 0.500000
vt 0.328125 0.747423
vt 0.328125 0.500000
vt 0.164062 0.757732
vt 0.187500 0.752577
vt 0.187500 0.757732
vt 0.351562 0.747423
vt 0.351562 0.500000
vt 0.375000 0.747423
vt 0.375000 0.500000
vt 0.000000 0.747423
vt 0.023438 0.752577
vt 0.000000 0.752577
vt 0.046875 0.752577
vt 0.070312 0.752577
vt 0.093750 0.752577
vt 0.117188 0.752577
vt 0.140625 0.752577
vt 0.164062 0.752577
vt 0.210938 0.752577
vt 0.234375 0.752577
vt 0.257812 0.752577
vt 0.304688 0.752577
vt 0.281250 0.752577
vt 0.328125 0.752577
vt 0.351562 0.752577
vt 0.210938 1.000000
vt 0.234375 0.762887
vt 0.234375 1.000000
vt 0.000000 0.757732
vt 0.023438 0.757732
vt 0.351562 0.757732
vt 0.375000 0.752577
vt 0.375000 0.757732
vt 0.210938 0.757732
vt 0.046875 0.757732
vt 0.234375 0.757732
vt 0.070312 0.757732
vt 0.257812 0.757732
vt 0.093750 0.757732
vt 0.281250 0.757732
vt 0.117188 0.757732
vt 0.304688 0.757732
vt 0.140625 0.757732
vt 0.328125 0.757732
vt 0.023438 0.762887
vt -0.000000 0.762887
vt 0.046875 0.762887
vt 0.070312 0.762887
vt 0.117188 0.762887
vt 0.093750 0.762887
vt 0.140625 0.762887
vt 0.164062 0.762887
vt 0.210938 0.762887
vt 0.187500 0.762887
vt 0.257812 0.762887
vt 0.304688 0.762887
vt 0.281250 0.762887
vt 0.328125 0.762887
vt 0.351562 0.762887
vt 0.046875 1.000000
vt 0.070312 1.000000
vt 0.257812 1.000000
vt 0.093750 1.000000
vt 0.281250 1.000000
vt 0.117188 1.000000
vt 0.304688 1.000000
vt 0.140625 1.000000
vt 0.328125 1.000000
vt 0.164062 1.000000
vt 0.351562 1.000000
vt 0.187500 1.000000
vt 0.000000 1.000000
vt 0.023438 1.000000
vt 0.375000 0.762887
vt 0.375000 1.000000
vt 0.402344 1.000000
vt 0.378906 1.000000
vt 0.390625 0.932990
vt 0.566406 0.927835
vt 0.542969 0.927835
vt 0.554688 0.860825
vt 0.519531 0.927835
vt 0.531250 0.860825
vt 0.496094 0.927835
vt 0.507812 0.860825
vt 0.472656 0.927835
vt 0.484375 0.860825
vt 0.449219 0.927835
vt 0.460938 0.860825
vt 0.425781 0.927835
vt 0.437500 0.860825
vt 0.402344 0.927835
vt 0.414062 0.860825
vt 0.378906 0.927835
vt 0.390625 0.860825
vt 0.566406 1.000000
vt 0.542969 1.000000
vt 0.554688 0.932990
vt 0.519531 1.000000
vt 0.531250 0.932990
vt 0.496094 1.000000
vt 0.507812 0.932990
vt 0.472656 1.000000
vt 0.484375 0.932990
vt 0.449219 1.000000
vt 0.460938 0.932990
vt 0.425781 1.000000
vt 0.437500 0.932990
vt 0.414062 0.932990
vt 0.378906 0.778351
vt 0.402344 0.778351
vt 0.390625 0.855670
vt 0.425781 0.778351
vt 0.414062 0.855670
vt 0.449219 0.778351
vt 0.437500 0.855670
vt 0.472656 0.778351
vt 0.460938 0.855670
vt 0.496094 0.778351
vt 0.484375 0.855670
vt 0.519531 0.778351
vt 0.507812 0.855670
vt 0.542969 0.778351
vt 0.531250 0.855670
vt 0.566406 0.778351
vt 0.554688 0.855670
vt 0.378906 0.695876
vt 0.402344 0.695876
vt 0.390625 0.773196
vt 0.425781 0.695876
vt 0.414062 0.773196
vt 0.449219 0.695876
vt 0.437500 0.773196
vt 0.472656 0.695876
vt 0.460938 0.773196
vt 0.496094 0.695876
vt 0.484375 0.773196
vt 0.519531 0.695876
vt 0.507812 0.773196
vt 0.542969 0.695876
vt 0.531250 0.773196
vt 0.566406 0.695876
vt 0.554688 0.773196
vt 0.023438 0.479381
vt 0.000000 0.469072
vt 0.023438 0.469072
vt 0.046875 0.479381
vt 0.046875 0.469072
vt 0.070312 0.479381
vt 0.070312 0.469072
vt 0.093750 0.479381
vt 0.093750 0.469072
vt 0.117188 0.479381
vt 0.117188 0.469072
vt 0.140625 0.479381
vt 0.140625 0.469072
vt 0.164062 0.479381
vt 0.164062 0.469072
vt 0.187500 0.479381
vt 0.187500 0.469072
vt 0.210938 0.479381
vt 0.210938 0.469072
vt 0.234375 0.479381
vt 0.234375 0.469072
vt 0.257812 0.479381
vt 0.257812 0.469072
vt 0.281250 0.479381
vt 0.281250 0.469072
vt 0.304688 0.479381
vt 0.304688 0.469072
vt 0.328125 0.479381
vt 0.328125 0.469072
vt 0.351562 0.479381
vt 0.351562 0.469072
vt 0.375000 0.479381
vt 0.375000 0.469072
vt 0.304688 0.484536
vt 0.281250 0.489691
vt 0.281250 0.484536
vt -0.000000 0.484536
vt -0.000000 0.479381
vt 0.023438 0.484536
vt 0.046875 0.484536
vt 0.093750 0.484536
vt 0.070312 0.484536
vt 0.117188 0.484536
vt 0.164062 0.484536
vt 0.140625 0.484536
vt 0.187500 0.484536
vt 0.210938 0.484536
vt 0.257812 0.484536
vt 0.234375 0.484536
vt 0.351562 0.484536
vt 0.328125 0.484536
vt 0.375000 0.484536
vt -0.000000 0.386598
vt 0.023438 0.386598
vt 0.011719 0.463918
vt 0.117188 0.489691
vt 0.304688 0.489691
vt 0.140625 0.489691
vt 0.328125 0.489691
vt 0.164062 0.489691
vt -0.000000 0.489691
vt 0.351562 0.489691
vt 0.187500 0.489691
vt 0.023438 0.489691
vt 0.210938 0.489691
vt 0.046875 0.489691
vt 0.234375 0.489691
vt 0.070312 0.489691
vt 0.257812 0.489691
vt 0.093750 0.489691
vt 0.378906 0.432990
vt 0.402344 0.432990
vt 0.390625 0.505155
vt 0.425781 0.432990
vt 0.414062 0.505155
vt 0.449219 0.432990
vt 0.437500 0.505155
vt 0.472656 0.432990
vt 0.460938 0.505155
vt 0.496094 0.432990
vt 0.484375 0.505155
vt 0.519531 0.432990
vt 0.507812 0.505155
vt 0.542969 0.432990
vt 0.531250 0.505155
vt 0.566406 0.432990
vt 0.554688 0.505155
vt 0.378906 0.355670
vt 0.402344 0.355670
vt 0.390625 0.427835
vt 0.425781 0.355670
vt 0.414062 0.427835
vt 0.449219 0.355670
vt 0.437500 0.427835
vt 0.472656 0.355670
vt 0.460938 0.427835
vt 0.496094 0.355670
vt 0.484375 0.427835
vt 0.519531 0.355670
vt 0.507812 0.427835
vt 0.542969 0.355670
vt 0.531250 0.427835
vt 0.566406 0.355670
vt 0.554688 0.427835
vt 0.351562 0.386598
vt 0.375000 0.386598
vt 0.363281 0.463918
vt 0.328125 0.386598
vt 0.339844 0.463918
vt 0.304688 0.386598
vt 0.316406 0.463918
vt 0.281250 0.386598
vt 0.292969 0.463918
vt 0.257812 0.386598
vt 0.269531 0.463918
vt 0.234375 0.386598
vt 0.246094 0.463918
vt 0.210938 0.386598
vt 0.222656 0.463918
vt 0.187500 0.386598
vt 0.199219 0.463918
vt 0.164062 0.386598
vt 0.175781 0.463918
vt 0.140625 0.386598
vt 0.152344 0.463918
vt 0.117188 0.386598
vt 0.128906 0.463918
vt 0.093750 0.386598
vt 0.105469 0.463918
vt 0.070312 0.386598
vt 0.082031 0.463918
vt 0.046875 0.386598
vt 0.058594 0.463918
vt 0.035156 0.463918
vt 0.910156 0.216495
vt 0.753906 0.206186
vt 0.910156 0.206186
vt 0.753906 0.216495
vt 0.699219 0.206186
vt 0.699219 0.216495
vt 0.542969 0.206186
vt 0.542969 0.216495
vt 0.488281 0.206186
vt 0.644531 0.201031
vt 0.488281 0.128866
vt 0.644531 0.128866
vt 0.800781 0.195876
vt 0.652344 0.134021
vt 0.800781 0.134021
vt 0.648438 0.201031
vt 0.652344 0.195876
vt 0.804688 0.201031
vt 0.804688 0.128866
vt 0.648438 0.128866
vt 0.578125 0.391753
vt 0.574219 0.314433
vt 0.578125 0.314433
vt 0.582031 0.391753
vt 0.582031 0.314433
vt 0.585938 0.391753
vt 0.585938 0.314433
vt 0.757812 0.391753
vt 0.753906 0.314433
vt 0.757812 0.314433
vt 0.753906 0.391753
vt 0.750000 0.314433
vt 0.750000 0.391753
vt 0.746094 0.314433
vt 0.585938 0.304124
vt 0.582031 0.226804
vt 0.585938 0.226804
vt 0.582031 0.304124
vt 0.578125 0.226804
vt 0.578125 0.304124
vt 0.574219 0.226804
vt 0.750000 0.304124
vt 0.746094 0.226804
vt 0.750000 0.226804
vt 0.753906 0.304124
vt 0.753906 0.226804
vt 0.757812 0.304124
vt 0.757812 0.226804
vt 0.742188 0.396907
vt 0.742188 0.391753
vt 0.914062 0.309278
vt 0.753906 0.309278
vt 0.742188 0.226804
vt 0.582031 0.221649
vt 0.742188 0.221649
vt 0.742188 0.309278
vt 0.742188 0.304124
vt 0.742188 0.319588
vt 0.742188 0.314433
vt 0.582031 0.309278
vt 0.914062 0.396907
vt 0.914062 0.391753
vt 0.914062 0.304124
vt 0.914062 0.226804
vt 0.753906 0.221649
vt 0.914062 0.221649
vt 0.757812 0.298969
vt 0.914062 0.298969
vt 0.914062 0.231959
vt 0.757812 0.386598
vt 0.914062 0.386598
vt 0.742188 0.231959
vt 0.585938 0.298969
vt 0.742188 0.298969
vt 0.585938 0.386598
vt 0.742188 0.386598
vt 0.914062 0.319588
vt 0.914062 0.314433
vt 0.351562 0.376289
vt 0.343750 0.381443
vt 0.343750 0.376289
vt 0.363281 0.376289
vt 0.355469 0.381443
vt 0.355469 0.376289
vt 0.375000 0.376289
vt 0.367188 0.381443
vt 0.367188 0.376289
vt 0.351562 0.365979
vt 0.343750 0.371134
vt 0.343750 0.365979
vt 0.363281 0.365979
vt 0.355469 0.371134
vt 0.355469 0.365979
vt 0.375000 0.365979
vt 0.367188 0.371134
vt 0.367188 0.365979
vt 0.328125 0.350515
vt -0.000000 0.340206
vt 0.328125 0.340206
vt 0.601562 0.778351
vt 0.585938 0.768041
vt 0.601562 0.768041
vt 0.328125 0.360825
vt 0.000000 0.350515
vt 0.339844 0.371134
vt 0.332031 0.381443
vt 0.332031 0.371134
vt 0.328125 0.371134
vt 0.000000 0.360825
vt 0.585938 0.762887
vt 0.570312 0.752577
vt 0.585938 0.752577
vt 0.585938 0.778351
vt 0.570312 0.768041
vt 0.601562 0.762887
vt 0.601562 0.752577
vt 0.328125 0.381443
vt -0.000000 0.371134
vt 0.621094 0.814433
vt 0.605469 0.835052
vt 0.605469 0.814433
vt 0.578125 0.783505
vt 0.570312 0.835052
vt 0.570312 0.783505
vt 0.617188 0.793814
vt 0.621094 0.809278
vt 0.617188 0.804124
vt 0.609375 0.793814
vt 0.621094 0.788660
vt 0.609375 0.804124
vt 0.605469 0.788660
vt 0.605469 0.809278
vt 0.593750 0.783505
vt 0.585938 0.835052
vt 0.585938 0.783505
vt 0.601562 0.783505
vt 0.593750 0.835052
vt 0.578125 0.835052
vt 0.328125 0.304124
vt -0.000000 0.293814
vt 0.328125 0.293814
vt 0.328125 0.314433
vt 0.000000 0.304124
vt 0.339844 0.324742
vt 0.332031 0.335052
vt 0.332031 0.324742
vt 0.328125 0.324742
vt 0.000000 0.314433
vt 0.328125 0.335052
vt -0.000000 0.324742
vt 0.253906 0.288660
vt 0.261719 0.195876
vt 0.261719 0.288660
vt 0.144531 0.288660
vt 0.136719 0.195876
vt 0.144531 0.195876
vt 0.484375 0.206186
vt 0.476562 0.278351
vt 0.476562 0.206186
vt 0.468750 0.206186
vt 0.414062 0.216495
vt 0.414062 0.206186
vt 0.386719 0.180412
vt 0.394531 0.108247
vt 0.394531 0.180412
vt 0.414062 0.195876
vt 0.468750 0.268041
vt 0.414062 0.278351
vt 0.414062 0.268041
vt 0.144531 0.180412
vt 0.152344 0.108247
vt 0.152344 0.180412
vt 0.468750 0.288660
vt 0.414062 0.288660
vt 0.406250 0.206186
vt 0.398438 0.278351
vt 0.398438 0.206186
vt 0.171875 0.288660
vt 0.164062 0.195876
vt 0.171875 0.195876
vt 0.234375 0.288660
vt 0.226562 0.195876
vt 0.234375 0.195876
vt 0.144531 0.190722
vt 0.136719 0.097938
vt 0.144531 0.097938
vt 0.386719 0.097938
vt 0.378906 0.190722
vt 0.378906 0.097938
vt 0.378906 0.288660
vt 0.386719 0.195876
vt 0.386719 0.288660
vt 0.019531 0.288660
vt 0.011719 0.195876
vt 0.019531 0.195876
vt 0.164062 0.206186
vt 0.156250 0.278351
vt 0.156250 0.206186
vt 0.226562 0.206186
vt 0.171875 0.216495
vt 0.171875 0.206186
vt 0.246094 0.180412
vt 0.253906 0.108247
vt 0.253906 0.180412
vt 0.226562 0.268041
vt 0.171875 0.278351
vt 0.171875 0.268041
vt 0.226562 0.288660
vt 0.003906 0.180412
vt 0.011719 0.108247
vt 0.011719 0.180412
vt 0.242188 0.206186
vt 0.234375 0.278351
vt 0.234375 0.206186
vt 0.406250 0.195876
vt 0.406250 0.288660
vt 0.468750 0.195876
vt 0.476562 0.288660
vt 0.261719 0.170103
vt 0.378906 0.180412
vt 0.261719 0.180412
vt 0.019531 0.190722
vt 0.011719 0.097938
vt 0.019531 0.097938
vt 0.261719 0.097938
vt 0.253906 0.190722
vt 0.253906 0.097938
vt 0.261719 0.108247
vt 0.378906 0.118557
vt 0.261719 0.118557
vt 0.378906 0.268041
vt 0.261719 0.278351
vt 0.261719 0.268041
vt 0.136719 0.206186
vt 0.019531 0.216495
vt 0.019531 0.206186
vt 0.261719 0.190722
vt 0.378906 0.278351
vt 0.019531 0.108247
vt 0.136719 0.118557
vt 0.019531 0.118557
vt 0.019531 0.170103
vt 0.136719 0.180412
vt 0.019531 0.180412
vt 0.136719 0.268041
vt 0.019531 0.278351
vt 0.019531 0.268041
vt 0.378906 0.206186
vt 0.261719 0.216495
vt 0.261719 0.206186
vt 0.378906 0.195876
vt 0.136719 0.288660
vt 0.011719 0.206186
vt 0.003906 0.278351
vt 0.003906 0.206186
vt 0.246094 0.206186
vt 0.253906 0.278351
vt 0.246094 0.278351
vt 0.144531 0.206186
vt 0.152344 0.278351
vt 0.144531 0.278351
vt 0.394531 0.206186
vt 0.386719 0.278351
vt 0.386719 0.206186
vt 0.796875 0.572165
vt 0.679688 0.422680
vt 0.796875 0.422680
vt 0.757812 0.644330
vt 0.726562 0.603093
vt 0.726562 0.644330
vt 0.925781 0.422680
vt 0.800781 0.572165
vt 0.800781 0.422680
vt 0.937500 0.757732
vt 0.812500 0.680412
vt 0.937500 0.680412
vt 0.800781 0.762887
vt 0.687500 0.768041
vt 0.687500 0.762887
vt 0.816406 0.768041
vt 0.937500 0.762887
vt 0.933594 0.768041
vt 0.800781 0.768041
vt 0.804688 0.762887
vt 0.937500 0.659794
vt 0.816406 0.664948
vt 0.812500 0.582474
vt 0.757812 0.742268
vt 0.726562 0.701031
vt 0.757812 0.701031
vt 0.695312 0.742268
vt 0.687500 0.701031
vt 0.695312 0.701031
vt 0.804688 0.742268
vt 0.789062 0.701031
vt 0.804688 0.701031
vt 0.687500 0.644330
vt 0.683594 0.603093
vt 0.687500 0.603093
vt 0.812500 0.644330
vt 0.808594 0.603093
vt 0.812500 0.603093
vt 0.683594 0.644330
vt 0.679688 0.603093
vt 0.789062 0.675258
vt 0.757812 0.680412
vt 0.757812 0.675258
vt 0.808594 0.644330
vt 0.804688 0.603093
vt 0.726562 0.675258
vt 0.695312 0.680412
vt 0.695312 0.675258
vt 0.789062 0.757732
vt 0.757812 0.762887
vt 0.757812 0.757732
vt 0.726562 0.757732
vt 0.695312 0.762887
vt 0.695312 0.757732
vt 0.687500 0.742268
vt 0.804688 0.757732
vt 0.687500 0.757732
vt 0.687500 0.680412
vt 0.804688 0.680412
vt 0.695312 0.644330
vt 0.695312 0.603093
vt 0.789062 0.603093
vt 0.804688 0.644330
vt 0.695312 0.582474
vt 0.726562 0.577320
vt 0.695312 0.577320
vt 0.757812 0.582474
vt 0.789062 0.577320
vt 0.757812 0.577320
vt 0.789062 0.644330
vt 0.757812 0.603093
vt 0.804688 0.659794
vt 0.687500 0.659794
vt 0.687500 0.582474
vt 0.804688 0.582474
vt 0.695312 0.664948
vt 0.726562 0.659794
vt 0.695312 0.659794
vt 0.757812 0.664948
vt 0.789062 0.659794
vt 0.757812 0.659794
vt 0.933594 0.876289
vt 0.855469 0.783505
vt 0.933594 0.783505
vt 0.992188 0.896907
vt 0.992188 0.783505
vt 0.796875 0.896907
vt 0.718750 0.783505
vt 0.796875 0.783505
vt 0.855469 0.876289
vt 0.855469 0.896907
vt 0.933594 0.896907
vt 0.855469 0.953608
vt 0.675781 0.963918
vt 0.648438 0.876289
vt 0.675781 0.876289
vt 0.648438 0.963918
vt 0.597656 0.876289
vt 0.597656 0.963918
vt 0.570312 0.876289
vt 0.597656 0.840206
vt 0.648438 0.840206
vt 0.648438 1.000000
vt 0.882812 1.000000
vt 0.832031 0.958763
vt 0.882812 0.958763
vt 0.730469 0.958763
vt 0.832031 1.000000
vt 0.730469 1.000000
vt 0.679688 0.958763
vt 0.984375 1.000000
vt 0.832031 0.902062
vt 0.730469 0.902062
vt 0.710938 0.917526
vt 0.714844 0.948454
vt 0.710938 0.948454
vt 0.687500 0.917526
vt 0.683594 0.917526
vt 0.687500 0.948454
vt 0.683594 0.948454
vt 0.687500 0.912371
vt 0.710938 0.953608
vt 0.687500 0.953608
vt 0.710938 0.871134
vt 0.714844 0.902062
vt 0.710938 0.902062
vt 0.687500 0.871134
vt 0.683594 0.871134
vt 0.687500 0.902062
vt 0.683594 0.902062
vt 0.687500 0.865979
vt 0.710938 0.907216
vt 0.687500 0.907216
vt 0.710938 0.824742
vt 0.714844 0.855670
vt 0.710938 0.855670
vt 0.687500 0.824742
vt 0.683594 0.824742
vt 0.687500 0.855670
vt 0.683594 0.855670
vt 0.687500 0.819588
vt 0.710938 0.860825
vt 0.687500 0.860825
vt 0.710938 0.778351
vt 0.714844 0.809278
vt 0.710938 0.809278
vt 0.687500 0.778351
vt 0.683594 0.778351
vt 0.687500 0.809278
vt 0.683594 0.809278
vt 0.687500 0.773196
vt 0.710938 0.814433
vt 0.687500 0.814433
vt 0.378906 0.561856
vt 0.402344 0.577320
vt 0.378906 0.577320
vt 0.402344 0.561856
vt 0.425781 0.577320
vt 0.425781 0.561856
vt 0.449219 0.577320
vt 0.449219 0.561856
vt 0.472656 0.577320
vt 0.472656 0.561856
vt 0.496094 0.577320
vt 0.496094 0.561856
vt 0.519531 0.577320
vt 0.519531 0.561856
vt 0.542969 0.577320
vt 0.542969 0.561856
vt 0.566406 0.577320
vt 0.402340 0.634907
vt 0.380309 0.643443
vt 0.378910 0.634907
vt 0.402340 0.650371
vt 0.380484 0.658907
vt 0.400941 0.658907
vt 0.402348 0.634907
vt 0.424204 0.643443
vt 0.403746 0.643443
vt 0.402348 0.650371
vt 0.424378 0.658907
vt 0.425777 0.650371
vt 0.449215 0.634907
vt 0.427184 0.643443
vt 0.425785 0.634907
vt 0.449215 0.650371
vt 0.427359 0.658907
vt 0.447816 0.658907
vt 0.449223 0.634907
vt 0.471079 0.643443
vt 0.450621 0.643443
vt 0.449223 0.650371
vt 0.471253 0.658907
vt 0.472652 0.650371
vt 0.496090 0.634907
vt 0.474059 0.643443
vt 0.472660 0.634907
vt 0.496090 0.650371
vt 0.474234 0.658907
vt 0.494691 0.658907
vt 0.496098 0.634907
vt 0.517954 0.643443
vt 0.497496 0.643443
vt 0.496098 0.650371
vt 0.518128 0.658907
vt 0.519527 0.650371
vt 0.542965 0.634907
vt 0.520934 0.643443
vt 0.519535 0.634907
vt 0.542965 0.650371
vt 0.521109 0.658907
vt 0.541566 0.658907
vt 0.566402 0.634907
vt 0.544371 0.643443
vt 0.542973 0.634907
vt 0.542973 0.650371
vt 0.565003 0.658907
vt 0.566402 0.650371
vt 0.488281 0.525773
vt 0.511719 0.536082
vt 0.488281 0.536082
vt 0.515625 0.536082
vt 0.539062 0.536082
vt 0.515625 0.525773
vt 0.378906 0.520619
vt 0.402344 0.520619
vt 0.378906 0.510309
vt 0.406250 0.510309
vt 0.429688 0.520619
vt 0.406250 0.520619
vt 0.378906 0.582474
vt 0.402344 0.597938
vt 0.378906 0.597938
vt 0.402344 0.582474
vt 0.425781 0.597938
vt 0.425781 0.582474
vt 0.449219 0.597938
vt 0.449219 0.582474
vt 0.472656 0.597938
vt 0.472656 0.582474
vt 0.496094 0.597938
vt 0.496094 0.582474
vt 0.519531 0.597938
vt 0.542969 0.582474
vt 0.542969 0.597938
vt 0.566406 0.597938
vt 0.402340 0.665835
vt 0.380309 0.674371
vt 0.378910 0.665835
vt 0.402340 0.681299
vt 0.380484 0.689835
vt 0.400941 0.689835
vt 0.402348 0.665835
vt 0.424204 0.674371
vt 0.403746 0.674371
vt 0.402348 0.681299
vt 0.424378 0.689835
vt 0.425777 0.681299
vt 0.449215 0.665835
vt 0.427184 0.674371
vt 0.425785 0.665835
vt 0.425785 0.681299
vt 0.447816 0.689835
vt 0.449215 0.681299
vt 0.472652 0.665835
vt 0.450621 0.674371
vt 0.449223 0.665835
vt 0.449223 0.681299
vt 0.471253 0.689835
vt 0.472652 0.681299
vt 0.496090 0.665835
vt 0.474059 0.674371
vt 0.472660 0.665835
vt 0.472660 0.681299
vt 0.494691 0.689835
vt 0.496090 0.681299
vt 0.519527 0.665835
vt 0.497496 0.674371
vt 0.496098 0.665835
vt 0.496098 0.681299
vt 0.518128 0.689835
vt 0.519527 0.681299
vt 0.542965 0.665835
vt 0.520934 0.674371
vt 0.519535 0.665835
vt 0.542965 0.681299
vt 0.521109 0.689835
vt 0.541566 0.689835
vt 0.542973 0.665835
vt 0.564829 0.674371
vt 0.544371 0.674371
vt 0.542973 0.681299
vt 0.565003 0.689835
vt 0.566402 0.681299
vt 0.378906 0.525773
vt 0.402344 0.536082
vt 0.378906 0.536082
vt 0.406250 0.536082
vt 0.429688 0.536082
vt 0.406250 0.525773
vt 0.433594 0.536082
vt 0.457031 0.536082
vt 0.433594 0.525773
vt 0.460938 0.525773
vt 0.484375 0.536082
vt 0.460938 0.536082
vt 0.378906 0.541237
vt 0.402344 0.556701
vt 0.378906 0.556701
vt 0.402344 0.541237
vt 0.425781 0.556701
vt 0.425781 0.541237
vt 0.449219 0.556701
vt 0.449219 0.541237
vt 0.472656 0.556701
vt 0.472656 0.541237
vt 0.496094 0.556701
vt 0.496094 0.541237
vt 0.519531 0.556701
vt 0.519531 0.541237
vt 0.542969 0.556701
vt 0.542969 0.541237
vt 0.566406 0.556701
vt 0.402340 0.603979
vt 0.380309 0.612515
vt 0.378910 0.603979
vt 0.402340 0.619443
vt 0.380484 0.627979
vt 0.400941 0.627979
vt 0.402348 0.603979
vt 0.424204 0.612515
vt 0.403746 0.612515
vt 0.402348 0.619443
vt 0.424378 0.627979
vt 0.425777 0.619443
vt 0.449215 0.603979
vt 0.427184 0.612515
vt 0.425785 0.603979
vt 0.449215 0.619443
vt 0.427359 0.627979
vt 0.447816 0.627979
vt 0.449223 0.603979
vt 0.471079 0.612515
vt 0.450621 0.612515
vt 0.449223 0.619443
vt 0.471253 0.627979
vt 0.472652 0.619443
vt 0.496090 0.603979
vt 0.474059 0.612515
vt 0.472660 0.603979
vt 0.496090 0.619443
vt 0.474234 0.627979
vt 0.494691 0.627979
vt 0.496098 0.603979
vt 0.517954 0.612515
vt 0.497496 0.612515
vt 0.496098 0.619443
vt 0.518128 0.627979
vt 0.519527 0.619443
vt 0.542965 0.603979
vt 0.520934 0.612515
vt 0.519535 0.603979
vt 0.542965 0.619443
vt 0.521109 0.627979
vt 0.541566 0.627979
vt 0.542973 0.603979
vt 0.564829 0.612515
vt 0.544371 0.612515
vt 0.542973 0.619443
vt 0.565003 0.627979
vt 0.566402 0.619443
vt 0.433594 0.510309
vt 0.457031 0.520619
vt 0.433594 0.520619
vt 0.460938 0.520619
vt 0.484375 0.520619
vt 0.460938 0.510309
vt 0.488281 0.520619
vt 0.511719 0.520619
vt 0.488281 0.510309
vt 0.515625 0.510309
vt 0.539062 0.520619
vt 0.515625 0.520619
vt 0.375000 0.489691
vt 0.488281 0.216495
vt 0.488281 0.201031
vt 0.574219 0.391753
vt 0.746094 0.391753
vt 0.574219 0.304124
vt 0.746094 0.304124
vt 0.582031 0.396907
vt 0.585938 0.319588
vt 0.753906 0.396907
vt 0.757812 0.231959
vt 0.585938 0.231959
vt 0.757812 0.319588
vt 0.351562 0.381443
vt 0.363281 0.381443
vt 0.375000 0.381443
vt 0.351562 0.371134
vt 0.363281 0.371134
vt 0.375000 0.371134
vt 0.339844 0.381443
vt 0.570312 0.762887
vt 0.570312 0.778351
vt -0.000000 0.381443
vt 0.621094 0.835052
vt 0.601562 0.835052
vt 0.339844 0.335052
vt -0.000000 0.335052
vt 0.253906 0.195876
vt 0.484375 0.278351
vt 0.468750 0.216495
vt 0.386719 0.108247
vt 0.468750 0.278351
vt 0.144531 0.108247
vt 0.406250 0.278351
vt 0.164062 0.288660
vt 0.136719 0.190722
vt 0.386719 0.190722
vt 0.011719 0.288660
vt 0.164062 0.278351
vt 0.226562 0.216495
vt 0.246094 0.108247
vt 0.226562 0.278351
vt 0.003906 0.108247
vt 0.242188 0.278351
vt 0.476562 0.195876
vt 0.378906 0.170103
vt 0.011719 0.190722
vt 0.378906 0.108247
vt 0.136719 0.216495
vt 0.136719 0.108247
vt 0.136719 0.170103
vt 0.136719 0.278351
vt 0.378906 0.216495
vt 0.011719 0.278351
vt 0.253906 0.206186
vt 0.152344 0.206186
vt 0.394531 0.278351
vt 0.679688 0.572165
vt 0.925781 0.572165
vt 0.812500 0.757732
vt 0.804688 0.768041
vt 0.812500 0.762887
vt 0.937500 0.582474
vt 0.933594 0.664948
vt 0.812500 0.659794
vt 0.726562 0.742268
vt 0.789062 0.742268
vt 0.679688 0.644330
vt 0.789062 0.680412
vt 0.726562 0.680412
vt 0.789062 0.762887
vt 0.726562 0.762887
vt 0.726562 0.582474
vt 0.789062 0.582474
vt 0.726562 0.664948
vt 0.789062 0.664948
vt 0.949219 0.896907
vt 0.718750 0.896907
vt 0.839844 0.896907
vt 0.933594 0.953608
vt 0.570312 0.963918
vt 0.597656 1.000000
vt 0.679688 1.000000
vt 0.984375 0.958763
vt 0.714844 0.917526
vt 0.710938 0.912371
vt 0.714844 0.871134
vt 0.710938 0.865979
vt 0.714844 0.824742
vt 0.710938 0.819588
vt 0.714844 0.778351
vt 0.710938 0.773196
vt 0.566406 0.561856
vt 0.400766 0.643443
vt 0.378910 0.650371
vt 0.425777 0.634907
vt 0.403921 0.658907
vt 0.447641 0.643443
vt 0.425785 0.650371
vt 0.472652 0.634907
vt 0.450796 0.658907
vt 0.494516 0.643443
vt 0.472660 0.650371
vt 0.519527 0.634907
vt 0.497671 0.658907
vt 0.541391 0.643443
vt 0.519535 0.650371
vt 0.564829 0.643443
vt 0.544546 0.658907
vt 0.519531 0.582474
vt 0.566406 0.582474
vt 0.400766 0.674371
vt 0.378910 0.681299
vt 0.425777 0.665835
vt 0.403921 0.689835
vt 0.447641 0.674371
vt 0.427359 0.689835
vt 0.471079 0.674371
vt 0.450796 0.689835
vt 0.494516 0.674371
vt 0.474234 0.689835
vt 0.517954 0.674371
vt 0.497671 0.689835
vt 0.541391 0.674371
vt 0.519535 0.681299
vt 0.566402 0.665835
vt 0.544546 0.689835
vt 0.566406 0.541237
vt 0.400766 0.612515
vt 0.378910 0.619443
vt 0.425777 0.603979
vt 0.403921 0.627979
vt 0.447641 0.612515
vt 0.425785 0.619443
vt 0.472652 0.603979
vt 0.450796 0.627979
vt 0.494516 0.612515
vt 0.472660 0.619443
vt 0.519527 0.603979
vt 0.497671 0.627979
vt 0.541391 0.612515
vt 0.519535 0.619443
vt 0.566402 0.603979
vt 0.544546 0.627979
s 1
usemtl Texture
f 34/1/1 3/2/2 1/3/1
f 33/4/2 5/3/3 3/5/2
f 35/6/3 7/5/4 5/7/3
f 36/8/4 9/7/5 7/9/4
f 37/10/5 11/9/6 9/11/5
f 38/12/6 13/11/7 11/13/6
f 39/14/7 15/13/8 13/15/7
f 40/16/8 17/15/9 15/17/8
f 41/18/9 19/17/10 17/19/9
f 42/20/10 21/19/11 19/21/10
f 43/22/11 23/21/12 21/23/11
f 44/24/12 25/23/13 23/25/12
f 45/26/13 27/25/14 25/27/13
f 46/28/14 29/27/15 27/29/14
f 16/30/16 73/31/1 18/32/1
f 47/33/15 31/29/16 29/34/15
f 48/35/16 1/34/1 31/36/16
f 2/37/17 33/38/17 34/39/17
f 4/1/17 35/40/17 33/38/17
f 6/4/17 36/41/17 35/40/17
f 8/6/17 37/42/17 36/41/17
f 10/8/17 38/43/17 37/42/17
f 12/10/17 39/44/17 38/43/17
f 16/14/17 39/44/17 14/12/17
f 18/16/17 40/45/17 16/14/17
f 18/16/17 42/46/17 41/31/17
f 20/18/17 43/47/17 42/46/17
f 24/22/17 43/47/17 22/20/17
f 26/24/17 44/48/17 24/22/17
f 26/24/17 46/49/17 45/50/17
f 28/26/17 47/51/17 46/49/17
f 32/33/17 47/51/17 30/28/17
f 2/35/17 48/52/17 32/33/17
f 58/53/2 91/54/3 59/55/3
f 2/56/9 65/38/10 4/57/10
f 32/58/8 66/59/9 2/60/9
f 18/32/1 74/46/2 20/61/2
f 4/57/10 67/40/11 6/62/11
f 20/61/2 75/47/3 22/63/3
f 6/62/11 68/41/12 8/64/12
f 22/63/3 76/48/4 24/65/4
f 8/64/12 69/42/13 10/66/13
f 24/65/4 77/50/5 26/67/5
f 10/66/13 70/43/14 12/68/14
f 26/67/5 78/49/6 28/69/6
f 12/68/14 71/44/15 14/70/15
f 28/69/6 79/51/7 30/71/7
f 14/70/15 72/45/16 16/30/16
f 30/71/7 80/52/8 32/58/8
f 50/56/17 65/72/17 66/73/17
f 51/62/17 65/72/17 49/57/17
f 52/64/17 67/74/17 51/62/17
f 53/66/17 68/75/17 52/64/17
f 53/66/17 70/76/17 69/77/17
f 55/70/17 70/76/17 54/68/17
f 56/30/17 71/78/17 55/70/17
f 57/32/17 72/79/17 56/30/17
f 57/32/17 74/80/17 73/81/17
f 59/63/17 74/80/17 58/61/17
f 60/65/17 75/54/17 59/63/17
f 61/67/17 76/82/17 60/65/17
f 61/67/17 78/83/17 77/84/17
f 63/71/17 78/83/17 62/69/17
f 64/58/17 79/85/17 63/71/17
f 50/60/17 80/86/17 64/58/17
f 51/87/11 84/75/12 52/88/12
f 59/55/3 92/82/4 60/89/4
f 52/88/12 85/77/13 53/90/13
f 60/89/4 93/84/5 61/91/5
f 53/90/13 86/76/14 54/92/14
f 61/91/5 94/83/6 62/93/6
f 54/92/14 87/78/15 55/94/15
f 62/93/6 95/85/7 63/95/7
f 55/94/15 88/79/16 56/96/16
f 63/95/7 96/86/8 64/97/8
f 56/96/16 89/81/1 57/98/1
f 50/99/9 81/72/10 49/100/10
f 64/97/8 82/101/9 50/102/9
f 57/98/1 90/80/2 58/53/2
f 49/100/10 83/74/11 51/87/11
f 81/103/17 82/104/17 97/105/17
f 82/106/17 96/107/17 97/108/17
f 96/107/17 95/109/17 97/110/17
f 95/109/17 94/111/17 97/112/17
f 94/111/17 93/113/17 97/114/17
f 93/113/17 92/115/17 97/116/17
f 92/115/17 91/117/17 97/118/17
f 91/117/17 90/119/17 97/120/17
f 90/119/17 89/121/17 97/122/17
f 89/123/17 88/124/17 97/125/17
f 88/124/17 87/126/17 97/127/17
f 87/126/17 86/128/17 97/129/17
f 86/128/17 85/130/17 97/131/17
f 85/130/17 84/132/17 97/133/17
f 84/132/17 83/134/17 97/135/17
f 83/134/17 81/103/17 97/136/17
f 1/137/18 3/138/18 98/139/18
f 3/138/18 5/140/18 98/141/18
f 5/140/18 7/142/18 98/143/18
f 7/142/18 9/144/18 98/145/18
f 9/144/18 11/146/18 98/147/18
f 11/146/18 13/148/18 98/149/18
f 13/148/18 15/150/18 98/151/18
f 15/150/18 17/152/18 98/153/18
f 17/154/18 19/155/18 98/156/18
f 19/155/18 21/157/18 98/158/18
f 21/157/18 23/159/18 98/160/18
f 23/159/18 25/161/18 98/162/18
f 25/161/18 27/163/18 98/164/18
f 27/163/18 29/165/18 98/166/18
f 29/165/18 31/167/18 98/168/18
f 31/167/18 1/169/18 98/170/18
f 100/171/1 132/172/2 131/173/1
f 102/174/2 133/173/3 132/175/2
f 104/176/3 134/175/4 133/177/3
f 106/178/4 135/177/5 134/179/4
f 108/180/5 136/179/6 135/181/5
f 110/182/6 137/181/7 136/183/6
f 112/184/7 138/183/8 137/185/7
f 114/186/8 139/185/9 138/187/8
f 116/188/9 140/187/10 139/189/9
f 118/190/10 141/189/11 140/191/10
f 120/192/11 142/191/12 141/193/11
f 122/194/12 143/193/13 142/195/12
f 124/196/13 144/195/14 143/197/13
f 126/198/14 145/197/15 144/199/14
f 128/200/15 146/199/16 145/201/15
f 130/202/16 131/201/1 146/203/16
f 125/204/14 159/205/13 123/206/13
f 99/171/18 132/207/18 101/208/18
f 101/174/18 133/209/18 103/171/18
f 103/176/18 134/210/18 105/174/18
f 107/176/18 134/211/18 135/212/18
f 107/180/18 136/211/18 109/178/18
f 109/182/18 137/213/18 111/180/18
f 113/182/18 137/214/18 138/215/18
f 115/184/18 138/216/18 139/214/18
f 115/188/18 140/216/18 117/186/18
f 117/190/18 141/217/18 119/188/18
f 121/190/18 141/218/18 142/219/18
f 123/192/18 142/206/18 143/218/18
f 123/196/18 144/206/18 125/194/18
f 125/198/18 145/204/18 127/196/18
f 129/198/18 145/220/18 146/221/18
f 99/200/18 146/222/18 131/220/18
f 102/223/17 100/224/17 164/225/17
f 111/215/7 152/226/6 109/213/6
f 127/221/15 160/227/14 125/204/14
f 113/214/8 153/228/7 111/215/7
f 129/220/16 161/229/15 127/221/15
f 115/216/9 154/230/8 113/214/8
f 101/209/2 147/231/1 99/207/1
f 99/222/1 162/232/16 129/220/16
f 117/217/10 155/233/9 115/216/9
f 103/210/3 148/234/2 101/209/2
f 119/219/11 156/235/10 117/217/10
f 105/212/4 149/236/3 103/210/3
f 121/218/12 157/237/11 119/219/11
f 107/211/5 150/238/4 105/212/4
f 123/206/13 158/239/12 121/218/12
f 109/213/6 151/240/5 107/211/5
f 147/241/18 148/242/18 163/243/18
f 148/242/18 149/244/18 163/245/18
f 149/244/18 150/246/18 163/247/18
f 150/246/18 151/248/18 163/249/18
f 151/248/18 152/250/18 163/251/18
f 152/250/18 153/252/18 163/253/18
f 153/252/18 154/254/18 163/255/18
f 154/254/18 155/256/18 163/257/18
f 155/258/18 156/259/18 163/260/18
f 156/259/18 157/261/18 163/262/18
f 157/261/18 158/263/18 163/264/18
f 158/263/18 159/265/18 163/266/18
f 159/265/18 160/267/18 163/268/18
f 160/267/18 161/269/18 163/270/18
f 161/269/18 162/271/18 163/272/18
f 162/271/18 147/273/18 163/274/18
f 100/275/17 130/276/17 164/277/17
f 130/278/17 128/275/17 164/279/17
f 128/280/17 126/278/17 164/281/17
f 126/282/17 124/280/17 164/283/17
f 124/284/17 122/282/17 164/285/17
f 122/286/17 120/284/17 164/287/17
f 120/288/17 118/286/17 164/289/17
f 118/290/17 116/288/17 164/291/17
f 116/292/17 114/290/17 164/293/17
f 114/294/17 112/292/17 164/295/17
f 112/296/17 110/294/17 164/297/17
f 110/298/17 108/296/17 164/299/17
f 108/300/17 106/298/17 164/301/17
f 106/302/17 104/300/17 164/303/17
f 104/224/17 102/302/17 164/304/17
f 173/305/13 167/306/13 165/307/13
f 174/308/18 171/309/18 167/306/18
f 175/310/5 169/311/5 171/309/5
f 176/312/17 165/313/17 169/311/17
f 171/314/9 165/315/9 167/316/9
f 168/317/1 170/318/1 172/319/1
f 168/317/3 173/320/3 166/321/3
f 172/319/19 174/322/19 168/317/19
f 170/318/15 175/323/15 172/319/15
f 166/321/20 176/324/20 170/318/20
f 178/325/13 179/326/13 177/327/13
f 180/328/18 183/327/18 179/329/18
f 184/330/5 181/329/5 183/331/5
f 186/332/13 187/333/13 185/334/13
f 188/335/18 191/336/18 187/333/18
f 192/337/5 189/338/5 191/336/5
f 194/339/1 195/340/1 193/341/1
f 196/342/18 199/343/18 195/340/18
f 200/344/9 197/345/9 199/343/9
f 202/346/1 203/347/1 201/348/1
f 204/349/18 207/348/18 203/350/18
f 208/351/9 205/350/9 207/352/9
f 214/353/5 211/328/5 213/354/5
f 215/355/13 218/333/13 217/356/13
f 210/357/1 212/358/1 214/359/1
f 218/360/1 219/342/1 220/361/1
f 242/362/1 243/331/1 244/363/1
f 226/363/5 223/364/5 225/360/5
f 228/365/13 229/335/13 227/366/13
f 225/355/9 221/349/9 222/367/9
f 233/368/9 227/369/9 229/370/9
f 232/367/13 241/371/13 234/372/13
f 240/373/5 237/352/5 239/368/5
f 236/366/1 238/374/1 240/375/1
f 246/376/13 247/341/13 245/357/13
f 256/361/5 253/377/5 255/378/5
f 250/354/9 245/379/9 247/380/9
f 255/381/9 251/334/9 252/382/9
f 258/383/21 259/384/21 257/385/21
f 262/386/21 263/387/21 261/388/21
f 266/389/21 267/390/21 265/391/21
f 271/392/22 270/393/22 269/394/22
f 275/395/22 274/396/22 273/397/22
f 279/398/22 278/399/22 277/400/22
f 283/383/23 282/384/23 281/385/23
f 287/386/23 286/387/23 285/388/23
f 291/389/23 290/390/23 289/391/23
f 294/392/24 295/393/24 293/394/24
f 298/395/24 299/396/24 297/397/24
f 302/398/24 303/399/24 301/400/24
f 318/401/9 314/402/9 317/403/9
f 330/404/18 327/405/18 323/406/18
f 317/407/13 316/408/13 319/401/13
f 313/409/17 316/410/17 314/411/17
f 319/412/1 315/413/1 320/407/1
f 329/414/13 323/415/13 321/416/13
f 331/417/5 325/418/5 327/405/5
f 338/404/18 309/405/18 305/406/18
f 332/419/17 321/416/17 325/420/17
f 320/421/5 313/422/5 318/412/5
f 327/423/9 321/424/9 323/425/9
f 328/426/5 336/427/5 326/428/5
f 324/429/1 329/430/1 322/431/1
f 328/432/1 330/433/1 324/429/1
f 326/434/1 331/435/1 328/432/1
f 322/431/1 332/436/1 326/434/1
f 322/437/13 334/438/13 324/439/13
f 326/440/17 333/441/17 322/437/17
f 324/439/18 335/442/18 328/426/18
f 339/417/5 311/418/5 309/405/5
f 337/414/13 305/415/13 307/416/13
f 340/419/17 307/416/17 311/420/17
f 309/423/9 307/424/9 305/425/9
f 312/426/5 344/427/5 310/428/5
f 308/429/1 337/430/1 306/431/1
f 312/432/1 338/433/1 308/429/1
f 310/434/1 339/435/1 312/432/1
f 306/431/1 340/436/1 310/434/1
f 306/437/13 342/438/13 308/439/13
f 310/440/17 341/441/17 306/437/17
f 308/439/18 343/442/18 312/426/18
f 354/404/18 349/405/18 345/406/18
f 355/417/5 351/418/5 349/405/5
f 353/414/13 345/415/13 347/416/13
f 356/419/17 347/416/17 351/420/17
f 349/423/9 347/424/9 345/425/9
f 352/426/5 360/427/5 350/428/5
f 348/429/1 353/430/1 346/431/1
f 352/432/1 354/433/1 348/429/1
f 350/434/1 355/435/1 352/432/1
f 346/431/1 356/436/1 350/434/1
f 346/437/13 358/438/13 348/439/13
f 350/440/17 357/441/17 346/437/17
f 348/439/18 359/442/18 352/426/18
f 370/404/18 365/405/18 361/406/18
f 371/417/5 367/418/5 365/405/5
f 369/414/13 361/415/13 363/416/13
f 372/419/17 363/416/17 367/420/17
f 365/423/9 363/424/9 361/425/9
f 368/426/5 376/427/5 366/428/5
f 364/429/1 369/430/1 362/431/1
f 368/432/1 370/433/1 364/429/1
f 366/434/1 371/435/1 368/432/1
f 362/431/1 372/436/1 366/434/1
f 362/437/13 374/438/13 364/439/13
f 366/440/17 373/441/17 362/437/17
f 364/439/18 375/442/18 368/426/18
f 386/404/18 381/405/18 377/406/18
f 387/417/5 383/418/5 381/405/5
f 385/414/13 377/415/13 379/416/13
f 388/419/17 379/416/17 383/420/17
f 381/423/9 379/424/9 377/425/9
f 384/426/5 392/427/5 382/428/5
f 380/429/1 385/430/1 378/431/1
f 384/432/1 386/433/1 380/429/1
f 382/434/1 387/435/1 384/432/1
f 378/431/1 388/436/1 382/434/1
f 380/439/13 389/441/13 390/438/13
f 382/440/17 389/441/17 378/437/17
f 380/439/18 391/442/18 384/426/18
f 406/443/9 402/444/9 405/445/9
f 418/419/18 415/416/18 411/420/18
f 405/446/13 404/447/13 407/443/13
f 401/448/17 404/449/17 402/450/17
f 407/451/1 403/452/1 408/446/1
f 417/417/13 411/418/13 409/405/13
f 419/414/5 413/415/5 415/416/5
f 426/419/18 397/416/18 393/420/18
f 420/404/17 409/405/17 413/406/17
f 408/453/5 401/454/5 406/451/5
f 415/423/9 409/424/9 411/425/9
f 416/437/5 424/438/5 414/439/5
f 412/429/1 417/430/1 410/431/1
f 416/432/1 418/433/1 412/429/1
f 414/434/1 419/435/1 416/432/1
f 410/431/1 420/436/1 414/434/1
f 410/426/13 422/427/13 412/428/13
f 414/439/17 421/442/17 410/426/17
f 412/440/18 423/441/18 416/437/18
f 427/414/5 399/415/5 397/416/5
f 425/417/13 393/418/13 395/405/13
f 428/404/17 395/405/17 399/406/17
f 397/423/9 395/424/9 393/425/9
f 400/437/5 432/438/5 398/439/5
f 396/429/1 425/430/1 394/431/1
f 400/432/1 426/433/1 396/429/1
f 398/434/1 427/435/1 400/432/1
f 394/431/1 428/436/1 398/434/1
f 394/426/13 430/427/13 396/428/13
f 398/439/17 429/442/17 394/426/17
f 396/440/18 431/441/18 400/437/18
f 442/419/18 437/416/18 433/420/18
f 443/414/5 439/415/5 437/416/5
f 441/417/13 433/418/13 435/405/13
f 444/404/17 435/405/17 439/406/17
f 437/423/9 435/424/9 433/425/9
f 440/437/5 448/438/5 438/439/5
f 436/429/1 441/430/1 434/431/1
f 440/432/1 442/433/1 436/429/1
f 438/434/1 443/435/1 440/432/1
f 434/431/1 444/436/1 438/434/1
f 434/426/13 446/427/13 436/428/13
f 438/439/17 445/442/17 434/426/17
f 436/440/18 447/441/18 440/437/18
f 458/419/18 453/416/18 449/420/18
f 459/414/5 455/415/5 453/416/5
f 457/417/13 449/418/13 451/405/13
f 460/404/17 451/405/17 455/406/17
f 453/423/9 451/424/9 449/425/9
f 456/437/5 464/438/5 454/439/5
f 452/429/1 457/430/1 450/431/1
f 456/432/1 458/433/1 452/429/1
f 454/434/1 459/435/1 456/432/1
f 450/431/1 460/436/1 454/434/1
f 450/426/13 462/427/13 452/428/13
f 454/439/17 461/442/17 450/426/17
f 452/440/18 463/441/18 456/437/18
f 474/419/18 469/416/18 465/420/18
f 475/414/5 471/415/5 469/416/5
f 473/417/13 465/418/13 467/405/13
f 476/404/17 467/405/17 471/406/17
f 469/423/9 467/424/9 465/425/9
f 472/437/5 480/438/5 470/439/5
f 468/429/1 473/430/1 466/431/1
f 472/432/1 474/433/1 468/429/1
f 470/434/1 475/435/1 472/432/1
f 466/431/1 476/436/1 470/434/1
f 468/428/13 477/442/13 478/427/13
f 470/439/17 477/442/17 466/426/17
f 468/440/18 479/441/18 472/437/18
f 486/455/13 481/456/13 485/457/13
f 483/458/5 488/459/5 487/460/5
f 501/461/5 491/462/5 498/463/5
f 491/464/1 495/465/1 492/466/1
f 495/467/17 493/468/17 494/469/17
f 491/470/18 489/464/18 490/466/18
f 497/471/9 501/472/9 498/473/9
f 503/474/17 501/475/17 502/476/17
f 499/472/18 497/477/18 498/478/18
f 497/479/13 495/480/13 502/481/13
f 506/482/18 512/483/18 508/484/18
f 510/485/18 507/486/18 511/487/18
f 518/488/1 519/489/1 520/490/1
f 515/491/9 514/492/9 516/493/9
f 526/494/13 521/495/13 525/496/13
f 523/497/5 528/498/5 527/499/5
f 541/500/5 531/501/5 538/502/5
f 531/503/1 535/504/1 532/505/1
f 535/484/17 533/503/17 534/505/17
f 531/506/18 529/507/18 530/508/18
f 537/509/9 541/510/9 538/511/9
f 543/510/17 541/512/17 542/482/17
f 539/513/18 537/514/18 538/515/18
f 537/516/13 535/517/13 542/518/13
f 545/519/17 552/478/17 547/520/17
f 550/521/17 548/522/17 551/477/17
f 494/523/13 532/524/13 495/525/13
f 558/526/1 559/527/1 560/528/1
f 555/529/9 554/530/9 556/531/9
f 496/532/5 530/533/5 493/534/5
f 496/535/1 562/536/1 531/537/1
f 532/538/1 563/539/1 495/540/1
f 494/524/9 566/541/9 529/525/9
f 530/493/9 567/532/9 493/529/9
f 561/542/13 568/457/13 562/536/13
f 566/499/5 563/538/5 564/540/5
f 502/543/13 540/544/13 503/545/13
f 504/546/5 538/547/5 501/548/5
f 502/549/9 571/550/9 537/551/9
f 540/489/1 570/543/1 503/528/1
f 538/552/9 573/553/9 501/554/9
f 504/547/1 576/526/1 539/548/1
f 574/555/13 575/554/13 576/456/13
f 571/550/5 570/556/5 572/497/5
f 571/557/18 532/558/18 537/559/18
f 531/560/18 575/561/18 538/562/18
f 495/563/17 569/564/17 502/565/17
f 573/566/17 496/567/17 501/568/17
f 583/569/1 586/570/1 587/571/1
f 626/572/13 623/573/13 624/574/13
f 580/575/9 577/576/9 578/577/9
f 584/578/18 580/579/18 578/580/18
f 583/581/15 582/582/15 581/583/15
f 587/584/20 584/585/20 583/586/20
f 587/587/3 585/583/3 588/588/3
f 585/589/17 581/590/17 577/591/17
f 595/592/5 598/593/5 596/594/5
f 599/595/5 589/596/5 600/597/5
f 591/598/5 594/599/5 592/600/5
f 600/601/18 607/602/18 599/603/18
f 597/604/17 606/605/17 598/606/17
f 596/607/18 603/608/18 595/602/18
f 594/609/1 604/610/1 596/611/1
f 593/612/17 602/613/17 594/605/17
f 598/614/1 608/615/1 600/616/1
f 595/617/9 601/618/9 593/619/9
f 599/620/9 605/621/9 597/622/9
f 605/593/5 608/595/5 606/597/5
f 601/599/5 604/592/5 602/594/5
f 614/623/5 612/624/5 611/625/5
f 616/600/5 609/626/5 610/627/5
f 617/603/13 627/628/13 628/629/13
f 622/630/13 619/631/13 620/613/13
f 635/608/18 628/607/18 627/602/18
f 632/632/1 622/633/1 624/634/1
f 630/602/17 621/601/17 622/603/17
f 636/635/1 626/636/1 628/637/1
f 636/638/13 633/639/13 634/572/13
f 632/574/13 629/629/13 630/628/13
f 640/640/13 642/601/13 639/641/13
f 637/642/13 644/613/13 638/643/13
f 623/605/18 632/604/18 624/606/18
f 646/644/9 629/645/9 631/646/9
f 648/647/9 633/648/9 635/649/9
f 649/613/17 634/612/17 633/605/17
f 658/650/18 656/651/18 653/652/18
f 659/650/5 655/653/5 654/654/5
f 655/655/17 651/656/17 654/657/17
f 652/655/13 658/658/13 653/651/13
f 660/650/20 658/659/20 657/658/20
f 657/660/1 655/661/1 660/659/1
f 664/662/18 667/663/18 663/664/18
f 668/665/5 665/666/5 667/663/5
f 666/667/17 661/668/17 665/666/17
f 667/663/9 661/669/9 663/670/9
f 664/671/1 666/667/1 668/665/1
f 670/672/13 671/673/13 669/674/13
f 672/675/18 675/676/18 671/677/18
f 676/677/5 673/678/5 675/675/5
f 674/674/17 669/679/17 673/672/17
f 672/680/1 674/675/1 676/681/1
f 680/682/18 683/683/18 679/684/18
f 684/684/5 681/685/5 683/682/5
f 682/686/17 677/687/17 681/688/17
f 683/689/9 677/682/9 679/685/9
f 680/687/1 682/690/1 684/691/1
f 688/692/18 691/693/18 687/694/18
f 692/694/5 689/695/5 691/692/5
f 690/696/17 685/697/17 689/698/17
f 691/699/9 685/692/9 687/695/9
f 688/697/1 690/700/1 692/701/1
f 696/702/17 699/703/17 695/704/17
f 700/704/13 697/705/13 699/702/13
f 698/706/18 693/707/18 697/708/18
f 699/709/9 693/702/9 695/705/9
f 696/707/1 698/710/1 700/711/1
f 704/712/17 707/713/17 703/714/17
f 708/714/13 705/715/13 707/712/13
f 706/716/18 701/717/18 705/718/18
f 707/719/9 701/712/9 703/715/9
f 704/717/1 706/720/1 708/721/1
f 710/722/25 711/723/6 709/724/25
f 712/725/6 713/726/7 711/723/6
f 714/727/7 715/728/8 713/726/7
f 716/729/8 717/730/9 715/728/8
f 718/731/9 719/732/10 717/730/9
f 720/733/10 721/734/11 719/732/10
f 722/735/11 723/736/12 721/734/11
f 724/737/12 725/738/26 723/736/12
f 726/722/26 747/723/27 725/724/26
f 709/722/25 746/723/28 710/724/25
f 711/739/18 727/740/18 709/741/18
f 712/742/17 728/743/17 730/744/17
f 711/745/18 731/746/18 729/747/18
f 712/748/17 732/749/17 714/750/17
f 715/751/18 731/752/18 713/753/18
f 716/754/17 732/755/17 734/756/17
f 715/757/18 735/758/18 733/759/18
f 716/760/17 736/761/17 718/762/17
f 719/763/18 735/764/18 717/765/18
f 720/766/17 736/767/17 738/768/17
f 719/769/18 739/770/18 737/771/18
f 720/772/17 740/773/17 722/774/17
f 723/775/18 739/776/18 721/777/18
f 724/778/17 740/779/17 742/780/17
f 725/781/18 741/782/18 723/783/18
f 724/784/17 744/785/17 726/786/17
f 710/787/17 746/788/17 728/789/17
f 727/790/18 745/791/18 709/792/18
f 744/793/17 748/794/17 726/795/17
f 725/796/18 747/797/18 743/798/18
f 750/799/25 751/800/6 749/801/25
f 752/802/6 753/803/7 751/800/6
f 754/804/7 755/805/8 753/803/7
f 756/806/8 757/807/9 755/805/8
f 758/808/9 759/809/10 757/807/9
f 760/810/10 761/811/11 759/809/10
f 761/811/11 764/812/12 763/813/12
f 764/812/12 765/814/26 763/813/12
f 766/799/26 787/800/27 765/801/26
f 749/799/25 786/800/28 750/801/25
f 751/815/18 767/816/18 749/817/18
f 752/818/17 768/819/17 770/820/17
f 751/821/18 771/822/18 769/823/18
f 752/824/17 772/825/17 754/826/17
f 755/827/18 771/828/18 753/829/18
f 754/830/17 774/831/17 756/832/17
f 757/833/18 773/834/18 755/835/18
f 756/836/17 776/837/17 758/838/17
f 759/839/18 775/840/18 757/841/18
f 758/842/17 778/843/17 760/844/17
f 761/845/18 777/846/18 759/847/18
f 760/848/17 780/849/17 762/850/17
f 763/851/18 779/852/18 761/853/18
f 764/854/17 780/855/17 782/856/17
f 763/857/18 783/858/18 781/859/18
f 764/860/17 784/861/17 766/862/17
f 750/863/17 786/864/17 768/865/17
f 767/866/18 785/867/18 749/868/18
f 784/869/17 788/870/17 766/871/17
f 765/872/18 787/873/18 783/874/18
f 790/875/25 791/876/6 789/877/25
f 792/878/6 793/879/7 791/876/6
f 794/880/7 795/881/8 793/879/7
f 796/882/8 797/883/9 795/881/8
f 798/884/9 799/885/10 797/883/9
f 800/886/10 801/887/11 799/885/10
f 802/888/11 803/889/12 801/887/11
f 804/890/12 805/891/26 803/889/12
f 806/875/26 827/876/27 805/877/26
f 789/875/25 826/876/28 790/877/25
f 791/892/18 807/893/18 789/894/18
f 792/895/17 808/896/17 810/897/17
f 791/898/18 811/899/18 809/900/18
f 792/901/17 812/902/17 794/903/17
f 795/904/18 811/905/18 793/906/18
f 796/907/17 812/908/17 814/909/17
f 795/910/18 815/911/18 813/912/18
f 796/913/17 816/914/17 798/915/17
f 799/916/18 815/917/18 797/918/18
f 800/919/17 816/920/17 818/921/17
f 799/922/18 819/923/18 817/924/18
f 800/925/17 820/926/17 802/927/17
f 803/928/18 819/929/18 801/930/18
f 804/931/17 820/932/17 822/933/17
f 803/934/18 823/935/18 821/936/18
f 804/937/17 824/938/17 806/939/17
f 790/940/17 826/941/17 808/942/17
f 807/943/18 825/944/18 789/945/18
f 824/946/17 828/947/17 806/948/17
f 805/949/18 827/950/18 823/951/18
f 34/1/1 33/37/2 3/2/2
f 33/4/2 35/1/3 5/3/3
f 35/6/3 36/4/4 7/5/4
f 36/8/4 37/6/5 9/7/5
f 37/10/5 38/8/6 11/9/6
f 38/12/6 39/10/7 13/11/7
f 39/14/7 40/12/8 15/13/8
f 40/16/8 41/14/9 17/15/9
f 41/18/9 42/16/10 19/17/10
f 42/20/10 43/18/11 21/19/11
f 43/22/11 44/20/12 23/21/12
f 44/24/12 45/22/13 25/23/13
f 45/26/13 46/24/14 27/25/14
f 46/28/14 47/26/15 29/27/15
f 16/30/16 72/45/16 73/31/1
f 47/33/15 48/28/16 31/29/16
f 48/35/16 34/33/1 1/34/1
f 2/37/17 4/1/17 33/38/17
f 4/1/17 6/4/17 35/40/17
f 6/4/17 8/6/17 36/41/17
f 8/6/17 10/8/17 37/42/17
f 10/8/17 12/10/17 38/43/17
f 12/10/17 14/12/17 39/44/17
f 16/14/17 40/45/17 39/44/17
f 18/16/17 41/31/17 40/45/17
f 18/16/17 20/18/17 42/46/17
f 20/18/17 22/20/17 43/47/17
f 24/22/17 44/48/17 43/47/17
f 26/24/17 45/50/17 44/48/17
f 26/24/17 28/26/17 46/49/17
f 28/26/17 30/28/17 47/51/17
f 32/33/17 48/52/17 47/51/17
f 2/35/17 34/59/17 48/52/17
f 58/53/2 90/80/2 91/54/3
f 2/56/9 66/39/9 65/38/10
f 32/58/8 80/52/8 66/59/9
f 18/32/1 73/31/1 74/46/2
f 4/57/10 65/38/10 67/40/11
f 20/61/2 74/46/2 75/47/3
f 6/62/11 67/40/11 68/41/12
f 22/63/3 75/47/3 76/48/4
f 8/64/12 68/41/12 69/42/13
f 24/65/4 76/48/4 77/50/5
f 10/66/13 69/42/13 70/43/14
f 26/67/5 77/50/5 78/49/6
f 12/68/14 70/43/14 71/44/15
f 28/69/6 78/49/6 79/51/7
f 14/70/15 71/44/15 72/45/16
f 30/71/7 79/51/7 80/52/8
f 50/56/17 49/57/17 65/72/17
f 51/62/17 67/74/17 65/72/17
f 52/64/17 68/75/17 67/74/17
f 53/66/17 69/77/17 68/75/17
f 53/66/17 54/68/17 70/76/17
f 55/70/17 71/78/17 70/76/17
f 56/30/17 72/79/17 71/78/17
f 57/32/17 73/81/17 72/79/17
f 57/32/17 58/61/17 74/80/17
f 59/63/17 75/54/17 74/80/17
f 60/65/17 76/82/17 75/54/17
f 61/67/17 77/84/17 76/82/17
f 61/67/17 62/69/17 78/83/17
f 63/71/17 79/85/17 78/83/17
f 64/58/17 80/86/17 79/85/17
f 50/60/17 66/101/17 80/86/17
f 51/87/11 83/74/11 84/75/12
f 59/55/3 91/54/3 92/82/4
f 52/88/12 84/75/12 85/77/13
f 60/89/4 92/82/4 93/84/5
f 53/90/13 85/77/13 86/76/14
f 61/91/5 93/84/5 94/83/6
f 54/92/14 86/76/14 87/78/15
f 62/93/6 94/83/6 95/85/7
f 55/94/15 87/78/15 88/79/16
f 63/95/7 95/85/7 96/86/8
f 56/96/16 88/79/16 89/81/1
f 50/99/9 82/73/9 81/72/10
f 64/97/8 96/86/8 82/101/9
f 57/98/1 89/81/1 90/80/2
f 49/100/10 81/72/10 83/74/11
f 100/171/1 102/208/2 132/172/2
f 102/174/2 104/171/3 133/173/3
f 104/176/3 106/174/4 134/175/4
f 106/178/4 108/176/5 135/177/5
f 108/180/5 110/178/6 136/179/6
f 110/182/6 112/180/7 137/181/7
f 112/184/7 114/182/8 138/183/8
f 114/186/8 116/184/9 139/185/9
f 116/188/9 118/186/10 140/187/10
f 118/190/10 120/188/11 141/189/11
f 120/192/11 122/190/12 142/191/12
f 122/194/12 124/192/13 143/193/13
f 124/196/13 126/194/14 144/195/14
f 126/198/14 128/196/15 145/197/15
f 128/200/15 130/198/16 146/199/16
f 130/202/16 100/200/1 131/201/1
f 125/204/14 160/227/14 159/205/13
f 99/171/18 131/209/18 132/207/18
f 101/174/18 132/210/18 133/209/18
f 103/176/18 133/212/18 134/210/18
f 107/176/18 105/178/18 134/211/18
f 107/180/18 135/213/18 136/211/18
f 109/182/18 136/215/18 137/213/18
f 113/182/18 111/184/18 137/214/18
f 115/184/18 113/186/18 138/216/18
f 115/188/18 139/217/18 140/216/18
f 117/190/18 140/219/18 141/217/18
f 121/190/18 119/192/18 141/218/18
f 123/192/18 121/194/18 142/206/18
f 123/196/18 143/204/18 144/206/18
f 125/198/18 144/221/18 145/204/18
f 129/198/18 127/200/18 145/220/18
f 99/200/18 129/202/18 146/222/18
f 111/215/7 153/228/7 152/226/6
f 127/221/15 161/229/15 160/227/14
f 113/214/8 154/230/8 153/228/7
f 129/220/16 162/232/16 161/229/15
f 115/216/9 155/233/9 154/230/8
f 101/209/2 148/234/2 147/231/1
f 99/222/1 147/952/1 162/232/16
f 117/217/10 156/235/10 155/233/9
f 103/210/3 149/236/3 148/234/2
f 119/219/11 157/237/11 156/235/10
f 105/212/4 150/238/4 149/236/3
f 121/218/12 158/239/12 157/237/11
f 107/211/5 151/240/5 150/238/4
f 123/206/13 159/205/13 158/239/12
f 109/213/6 152/226/6 151/240/5
f 173/305/13 174/308/13 167/306/13
f 174/308/18 175/310/18 171/309/18
f 175/310/5 176/312/5 169/311/5
f 176/312/17 173/953/17 165/313/17
f 171/314/9 169/954/9 165/315/9
f 168/317/1 166/321/1 170/318/1
f 168/317/3 174/322/3 173/320/3
f 172/319/19 175/323/19 174/322/19
f 170/318/15 176/324/15 175/323/15
f 166/321/20 173/320/20 176/324/20
f 178/325/13 180/955/13 179/326/13
f 180/328/18 184/325/18 183/327/18
f 184/330/5 182/328/5 181/329/5
f 186/332/13 188/335/13 187/333/13
f 188/335/18 192/337/18 191/336/18
f 192/337/5 190/956/5 189/338/5
f 194/339/1 196/342/1 195/340/1
f 196/342/18 200/344/18 199/343/18
f 200/344/9 198/957/9 197/345/9
f 202/346/1 204/958/1 203/347/1
f 204/349/18 208/346/18 207/348/18
f 208/351/9 206/349/9 205/350/9
f 214/353/5 212/959/5 211/328/5
f 215/355/13 216/382/13 218/333/13
f 210/357/1 209/340/1 212/358/1
f 218/360/1 216/364/1 219/342/1
f 242/362/1 232/960/1 243/331/1
f 226/363/5 224/329/5 223/364/5
f 228/365/13 230/961/13 229/335/13
f 225/355/9 223/356/9 221/349/9
f 233/368/9 231/350/9 227/369/9
f 232/367/13 242/351/13 241/371/13
f 240/373/5 238/962/5 237/352/5
f 236/366/1 235/332/1 238/374/1
f 246/376/13 248/963/13 247/341/13
f 256/361/5 254/339/5 253/377/5
f 250/354/9 249/330/9 245/379/9
f 255/381/9 253/964/9 251/334/9
f 258/383/21 260/965/21 259/384/21
f 262/386/21 264/966/21 263/387/21
f 266/389/21 268/967/21 267/390/21
f 271/392/22 272/968/22 270/393/22
f 275/395/22 276/969/22 274/396/22
f 279/398/22 280/970/22 278/399/22
f 283/383/23 284/965/23 282/384/23
f 287/386/23 288/966/23 286/387/23
f 291/389/23 292/967/23 290/390/23
f 294/392/24 296/968/24 295/393/24
f 298/395/24 300/969/24 299/396/24
f 302/398/24 304/970/24 303/399/24
f 318/401/9 313/408/9 314/402/9
f 330/404/18 331/417/18 327/405/18
f 317/407/13 314/413/13 316/408/13
f 313/409/17 315/971/17 316/410/17
f 319/412/1 316/422/1 315/413/1
f 329/414/13 330/972/13 323/415/13
f 331/417/5 332/973/5 325/418/5
f 338/404/18 339/417/18 309/405/18
f 332/419/17 329/414/17 321/416/17
f 320/421/5 315/974/5 313/422/5
f 327/423/9 325/975/9 321/424/9
f 328/426/5 335/442/5 336/427/5
f 324/429/1 330/433/1 329/430/1
f 328/432/1 331/435/1 330/433/1
f 326/434/1 332/436/1 331/435/1
f 322/431/1 329/430/1 332/436/1
f 322/437/13 333/441/13 334/438/13
f 326/440/17 336/976/17 333/441/17
f 324/439/18 334/438/18 335/442/18
f 339/417/5 340/973/5 311/418/5
f 337/414/13 338/972/13 305/415/13
f 340/419/17 337/414/17 307/416/17
f 309/423/9 311/975/9 307/424/9
f 312/426/5 343/442/5 344/427/5
f 308/429/1 338/433/1 337/430/1
f 312/432/1 339/435/1 338/433/1
f 310/434/1 340/436/1 339/435/1
f 306/431/1 337/430/1 340/436/1
f 306/437/13 341/441/13 342/438/13
f 310/440/17 344/976/17 341/441/17
f 308/439/18 342/438/18 343/442/18
f 354/404/18 355/417/18 349/405/18
f 355/417/5 356/973/5 351/418/5
f 353/414/13 354/972/13 345/415/13
f 356/419/17 353/414/17 347/416/17
f 349/423/9 351/975/9 347/424/9
f 352/426/5 359/442/5 360/427/5
f 348/429/1 354/433/1 353/430/1
f 352/432/1 355/435/1 354/433/1
f 350/434/1 356/436/1 355/435/1
f 346/431/1 353/430/1 356/436/1
f 346/437/13 357/441/13 358/438/13
f 350/440/17 360/976/17 357/441/17
f 348/439/18 358/438/18 359/442/18
f 370/404/18 371/417/18 365/405/18
f 371/417/5 372/973/5 367/418/5
f 369/414/13 370/972/13 361/415/13
f 372/419/17 369/414/17 363/416/17
f 365/423/9 367/975/9 363/424/9
f 368/426/5 375/442/5 376/427/5
f 364/429/1 370/433/1 369/430/1
f 368/432/1 371/435/1 370/433/1
f 366/434/1 372/436/1 371/435/1
f 362/431/1 369/430/1 372/436/1
f 362/437/13 373/441/13 374/438/13
f 366/440/17 376/976/17 373/441/17
f 364/439/18 374/438/18 375/442/18
f 386/404/18 387/417/18 381/405/18
f 387/417/5 388/973/5 383/418/5
f 385/414/13 386/972/13 377/415/13
f 388/419/17 385/414/17 379/416/17
f 381/423/9 383/975/9 379/424/9
f 384/426/5 391/442/5 392/427/5
f 380/429/1 386/433/1 385/430/1
f 384/432/1 387/435/1 386/433/1
f 382/434/1 388/436/1 387/435/1
f 378/431/1 385/430/1 388/436/1
f 380/439/13 378/437/13 389/441/13
f 382/440/17 392/976/17 389/441/17
f 380/439/18 390/438/18 391/442/18
f 406/443/9 401/447/9 402/444/9
f 418/419/18 419/414/18 415/416/18
f 405/446/13 402/452/13 404/447/13
f 401/448/17 403/977/17 404/449/17
f 407/451/1 404/454/1 403/452/1
f 417/417/13 418/973/13 411/418/13
f 419/414/5 420/972/5 413/415/5
f 426/419/18 427/414/18 397/416/18
f 420/404/17 417/417/17 409/405/17
f 408/453/5 403/978/5 401/454/5
f 415/423/9 413/975/9 409/424/9
f 416/437/5 423/441/5 424/438/5
f 412/429/1 418/433/1 417/430/1
f 416/432/1 419/435/1 418/433/1
f 414/434/1 420/436/1 419/435/1
f 410/431/1 417/430/1 420/436/1
f 410/426/13 421/442/13 422/427/13
f 414/439/17 424/438/17 421/442/17
f 412/440/18 422/976/18 423/441/18
f 427/414/5 428/972/5 399/415/5
f 425/417/13 426/973/13 393/418/13
f 428/404/17 425/417/17 395/405/17
f 397/423/9 399/975/9 395/424/9
f 400/437/5 431/441/5 432/438/5
f 396/429/1 426/433/1 425/430/1
f 400/432/1 427/435/1 426/433/1
f 398/434/1 428/436/1 427/435/1
f 394/431/1 425/430/1 428/436/1
f 394/426/13 429/442/13 430/427/13
f 398/439/17 432/438/17 429/442/17
f 396/440/18 430/976/18 431/441/18
f 442/419/18 443/414/18 437/416/18
f 443/414/5 444/972/5 439/415/5
f 441/417/13 442/973/13 433/418/13
f 444/404/17 441/417/17 435/405/17
f 437/423/9 439/975/9 435/424/9
f 440/437/5 447/441/5 448/438/5
f 436/429/1 442/433/1 441/430/1
f 440/432/1 443/435/1 442/433/1
f 438/434/1 444/436/1 443/435/1
f 434/431/1 441/430/1 444/436/1
f 434/426/13 445/442/13 446/427/13
f 438/439/17 448/438/17 445/442/17
f 436/440/18 446/976/18 447/441/18
f 458/419/18 459/414/18 453/416/18
f 459/414/5 460/972/5 455/415/5
f 457/417/13 458/973/13 449/418/13
f 460/404/17 457/417/17 451/405/17
f 453/423/9 455/975/9 451/424/9
f 456/437/5 463/441/5 464/438/5
f 452/429/1 458/433/1 457/430/1
f 456/432/1 459/435/1 458/433/1
f 454/434/1 460/436/1 459/435/1
f 450/431/1 457/430/1 460/436/1
f 450/426/13 461/442/13 462/427/13
f 454/439/17 464/438/17 461/442/17
f 452/440/18 462/976/18 463/441/18
f 474/419/18 475/414/18 469/416/18
f 475/414/5 476/972/5 471/415/5
f 473/417/13 474/973/13 465/418/13
f 476/404/17 473/417/17 467/405/17
f 469/423/9 471/975/9 467/424/9
f 472/437/5 479/441/5 480/438/5
f 468/429/1 474/433/1 473/430/1
f 472/432/1 475/435/1 474/433/1
f 470/434/1 476/436/1 475/435/1
f 466/431/1 473/430/1 476/436/1
f 468/428/13 466/426/13 477/442/13
f 470/439/17 480/438/17 477/442/17
f 468/440/18 478/976/18 479/441/18
f 486/455/13 482/979/13 481/456/13
f 483/458/5 484/556/5 488/459/5
f 501/461/5 496/980/5 491/462/5
f 491/464/1 496/981/1 495/465/1
f 495/467/17 496/982/17 493/468/17
f 491/470/18 492/521/18 489/464/18
f 497/471/9 502/983/9 501/472/9
f 503/474/17 504/984/17 501/475/17
f 499/472/18 500/983/18 497/477/18
f 497/479/13 492/985/13 495/480/13
f 506/482/18 509/986/18 512/483/18
f 510/485/18 505/512/18 507/486/18
f 518/488/1 517/987/1 519/489/1
f 515/491/9 513/988/9 514/492/9
f 526/494/13 522/555/13 521/495/13
f 523/497/5 524/989/5 528/498/5
f 541/500/5 536/990/5 531/501/5
f 531/503/1 536/991/1 535/504/1
f 535/484/17 536/486/17 533/503/17
f 531/506/18 532/992/18 529/507/18
f 537/509/9 542/993/9 541/510/9
f 543/510/17 544/993/17 541/512/17
f 539/513/18 540/994/18 537/514/18
f 537/516/13 532/995/13 535/517/13
f 545/519/17 549/470/17 552/478/17
f 550/521/17 546/996/17 548/522/17
f 494/523/13 529/997/13 532/524/13
f 558/526/1 557/998/1 559/527/1
f 555/529/9 553/541/9 554/530/9
f 496/532/5 531/999/5 530/533/5
f 496/535/1 561/542/1 562/536/1
f 532/538/1 564/1000/1 563/539/1
f 494/524/9 565/492/9 566/541/9
f 530/493/9 568/999/9 567/532/9
f 561/542/13 567/494/13 568/457/13
f 566/499/5 565/459/5 563/538/5
f 502/543/13 537/1001/13 540/544/13
f 504/546/5 539/1002/5 538/547/5
f 502/549/9 569/1003/9 571/550/9
f 540/489/1 572/1001/1 570/543/1
f 538/552/9 575/1004/9 573/553/9
f 504/547/1 574/987/1 576/526/1
f 574/555/13 573/552/13 575/554/13
f 571/550/5 569/1003/5 570/556/5
f 571/557/18 564/1005/18 532/558/18
f 531/560/18 562/1006/18 575/561/18
f 495/563/17 563/1007/17 569/564/17
f 573/566/17 561/1008/17 496/567/17
f 583/569/1 581/1009/1 586/570/1
f 626/572/13 625/639/13 623/573/13
f 580/575/9 579/1010/9 577/576/9
f 584/578/18 588/1011/18 580/579/18
f 583/581/15 584/1012/15 582/582/15
f 587/584/20 588/1013/20 584/585/20
f 587/587/3 586/582/3 585/583/3
f 577/591/17 579/1014/17 585/589/17
f 585/589/17 586/1015/17 581/590/17
f 581/590/17 582/1016/17 577/591/17
f 595/592/5 597/1017/5 598/593/5
f 599/595/5 590/623/5 589/596/5
f 591/598/5 593/1018/5 594/599/5
f 600/601/18 608/607/18 607/602/18
f 597/604/17 605/612/17 606/605/17
f 596/607/18 604/1019/18 603/608/18
f 594/609/1 602/1020/1 604/610/1
f 593/612/17 601/631/17 602/613/17
f 598/614/1 606/1021/1 608/615/1
f 595/617/9 603/1022/9 601/618/9
f 599/620/9 607/1023/9 605/621/9
f 605/593/5 607/1017/5 608/595/5
f 601/599/5 603/1018/5 604/592/5
f 614/623/5 615/598/5 612/624/5
f 616/600/5 613/596/5 609/626/5
f 617/603/13 618/601/13 627/628/13
f 622/630/13 621/638/13 619/631/13
f 635/608/18 636/1019/18 628/607/18
f 632/632/1 630/1024/1 622/633/1
f 630/602/17 629/607/17 621/601/17
f 636/635/1 634/1025/1 626/636/1
f 636/638/13 635/630/13 633/639/13
f 632/574/13 631/573/13 629/629/13
f 640/640/13 643/631/13 642/601/13
f 637/642/13 641/603/13 644/613/13
f 623/605/18 631/612/18 632/604/18
f 646/644/9 645/1026/9 629/645/9
f 648/647/9 647/1027/9 633/648/9
f 649/613/17 650/631/17 634/612/17
f 658/650/18 659/658/18 656/651/18
f 654/654/5 656/652/5 659/650/5
f 659/650/5 660/1028/5 655/653/5
f 655/655/17 652/1029/17 651/656/17
f 653/651/13 651/657/13 652/655/13
f 652/655/13 657/1030/13 658/658/13
f 660/650/20 659/660/20 658/659/20
f 657/660/1 652/1031/1 655/661/1
f 664/662/18 668/665/18 667/663/18
f 668/665/5 666/667/5 665/666/5
f 666/667/17 662/1032/17 661/668/17
f 667/663/9 665/666/9 661/669/9
f 664/671/1 662/1033/1 666/667/1
f 670/672/13 672/676/13 671/673/13
f 672/675/18 676/673/18 675/676/18
f 676/677/5 674/1034/5 673/678/5
f 674/674/17 670/1035/17 669/679/17
f 672/680/1 670/673/1 674/675/1
f 680/682/18 684/1036/18 683/683/18
f 684/684/5 682/687/5 681/685/5
f 682/686/17 678/685/17 677/687/17
f 683/689/9 681/1037/9 677/682/9
f 680/687/1 678/684/1 682/690/1
f 688/692/18 692/1038/18 691/693/18
f 692/694/5 690/697/5 689/695/5
f 690/696/17 686/695/17 685/697/17
f 691/699/9 689/1039/9 685/692/9
f 688/697/1 686/694/1 690/700/1
f 696/702/17 700/1040/17 699/703/17
f 700/704/13 698/707/13 697/705/13
f 698/706/18 694/705/18 693/707/18
f 699/709/9 697/1041/9 693/702/9
f 696/707/1 694/704/1 698/710/1
f 704/712/17 708/1042/17 707/713/17
f 708/714/13 706/717/13 705/715/13
f 706/716/18 702/715/18 701/717/18
f 707/719/9 705/1043/9 701/712/9
f 704/717/1 702/714/1 706/720/1
f 710/722/25 712/725/6 711/723/6
f 712/725/6 714/727/7 713/726/7
f 714/727/7 716/729/8 715/728/8
f 716/729/8 718/731/9 717/730/9
f 718/731/9 720/733/10 719/732/10
f 720/733/10 722/735/11 721/734/11
f 722/735/11 724/737/12 723/736/12
f 724/737/12 726/1044/26 725/738/26
f 726/722/26 748/725/27 747/723/27
f 709/722/25 745/725/28 746/723/28
f 711/739/18 729/1045/18 727/740/18
f 712/742/17 710/1046/17 728/743/17
f 711/745/18 713/1047/18 731/746/18
f 712/748/17 730/1048/17 732/749/17
f 715/751/18 733/1049/18 731/752/18
f 716/754/17 714/1050/17 732/755/17
f 715/757/18 717/1051/18 735/758/18
f 716/760/17 734/1052/17 736/761/17
f 719/763/18 737/1053/18 735/764/18
f 720/766/17 718/1054/17 736/767/17
f 719/769/18 721/1055/18 739/770/18
f 720/772/17 738/1056/17 740/773/17
f 723/775/18 741/1057/18 739/776/18
f 724/778/17 722/1058/17 740/779/17
f 725/781/18 743/1059/18 741/782/18
f 724/784/17 742/1060/17 744/785/17
f 750/799/25 752/802/6 751/800/6
f 752/802/6 754/804/7 753/803/7
f 754/804/7 756/806/8 755/805/8
f 756/806/8 758/808/9 757/807/9
f 758/808/9 760/810/10 759/809/10
f 760/810/10 762/1061/11 761/811/11
f 761/811/11 762/1061/11 764/812/12
f 764/812/12 766/1062/26 765/814/26
f 766/799/26 788/802/27 787/800/27
f 749/799/25 785/802/28 786/800/28
f 751/815/18 769/1063/18 767/816/18
f 752/818/17 750/1064/17 768/819/17
f 751/821/18 753/1065/18 771/822/18
f 752/824/17 770/1066/17 772/825/17
f 755/827/18 773/1067/18 771/828/18
f 754/830/17 772/1068/17 774/831/17
f 757/833/18 775/1069/18 773/834/18
f 756/836/17 774/1070/17 776/837/17
f 759/839/18 777/1071/18 775/840/18
f 758/842/17 776/1072/17 778/843/17
f 761/845/18 779/1073/18 777/846/18
f 760/848/17 778/1074/17 780/849/17
f 763/851/18 781/1075/18 779/852/18
f 764/854/17 762/1076/17 780/855/17
f 763/857/18 765/1077/18 783/858/18
f 764/860/17 782/1078/17 784/861/17
f 790/875/25 792/878/6 791/876/6
f 792/878/6 794/880/7 793/879/7
f 794/880/7 796/882/8 795/881/8
f 796/882/8 798/884/9 797/883/9
f 798/884/9 800/886/10 799/885/10
f 800/886/10 802/888/11 801/887/11
f 802/888/11 804/890/12 803/889/12
f 804/890/12 806/1079/26 805/891/26
f 806/875/26 828/878/27 827/876/27
f 789/875/25 825/878/28 826/876/28
f 791/892/18 809/1080/18 807/893/18
f 792/895/17 790/1081/17 808/896/17
f 791/898/18 793/1082/18 811/899/18
f 792/901/17 810/1083/17 812/902/17
f 795/904/18 813/1084/18 811/905/18
f 796/907/17 794/1085/17 812/908/17
f 795/910/18 797/1086/18 815/911/18
f 796/913/17 814/1087/17 816/914/17
f 799/916/18 817/1088/18 815/917/18
f 800/919/17 798/1089/17 816/920/17
f 799/922/18 801/1090/18 819/923/18
f 800/925/17 818/1091/17 820/926/17
f 803/928/18 821/1092/18 819/929/18
f 804/931/17 802/1093/17 820/932/17
f 803/934/18 805/1094/18 823/935/18
f 804/937/17 822/1095/17 824/938/17
o Cylinder.001
v 2.062500 1.838388 -0.650888
v 2.062500 1.750000 -0.687500
v 2.062500 1.661612 -0.650888
v 2.062500 1.625000 -0.562500
v 2.062500 1.661612 -0.474112
v 2.062500 1.750000 -0.437500
v 2.062500 1.875000 -0.562500
v 2.062500 1.838388 -0.474112
v 2.356694 1.794194 -0.474112
v 2.294194 1.731694 -0.437500
v 2.231694 1.669194 -0.474112
v 2.205806 1.643306 -0.562500
v 2.231694 1.669194 -0.650888
v 2.294194 1.731694 -0.687500
v 2.356694 1.794194 -0.650888
v 2.382582 1.820082 -0.562500
v 2.187500 1.838388 -0.650888
v 2.187500 1.750000 -0.687500
v 2.187500 1.661612 -0.650888
v 2.187500 1.625000 -0.562500
v 2.187500 1.661612 -0.474112
v 2.187500 1.750000 -0.437500
v 2.187500 1.875000 -0.562500
v 2.187500 1.838388 -0.474112
v 2.400888 1.625000 -0.650888
v 2.400888 1.500000 -0.650888
v 2.312500 1.625000 -0.687500
v 2.312500 1.500000 -0.687500
v 2.224112 1.625000 -0.650888
v 2.224112 1.500000 -0.650888
v 2.187500 1.625000 -0.562500
v 2.187500 1.500000 -0.562500
v 2.224112 1.625000 -0.474112
v 2.224112 1.500000 -0.474112
v 2.312500 1.625000 -0.437500
v 2.312500 1.500000 -0.437500
v 2.400888 1.625000 -0.474112
v 2.400888 1.500000 -0.474112
v 2.437500 1.625000 -0.562500
v 2.437500 1.500000 -0.562500
v 2.437500 1.500000 0.062500
v 2.437500 1.625000 0.062500
v 2.400888 1.500000 0.150888
v 2.400888 1.625000 0.150888
v 2.312500 1.500000 0.187500
v 2.312500 1.625000 0.187500
v 2.224112 1.500000 0.150888
v 2.224112 1.625000 0.150888
v 2.187500 1.500000 0.062500
v 2.187500 1.625000 0.062500
v 2.224112 1.500000 -0.025888
v 2.224112 1.625000 -0.025888
v 2.312500 1.500000 -0.062500
v 2.312500 1.625000 -0.062500
v 2.400888 1.500000 -0.025888
v 2.400888 1.625000 -0.025888
v 2.187500 1.838388 0.150888
v 2.187500 1.875000 0.062500
v 2.187500 1.750000 0.187500
v 2.187500 1.661612 0.150888
v 2.187500 1.625000 0.062500
v 2.187500 1.661612 -0.025888
v 2.187500 1.750000 -0.062500
v 2.187500 1.838388 -0.025888
v 2.382582 1.820082 0.062500
v 2.356694 1.794194 -0.025888
v 2.294194 1.731694 -0.062500
v 2.231694 1.669194 -0.025888
v 2.205806 1.643306 0.062500
v 2.231694 1.669194 0.150888
v 2.294194 1.731694 0.187500
v 2.356694 1.794194 0.150888
v 2.062500 1.838388 0.150888
v 2.062500 1.875000 0.062500
v 2.062500 1.750000 0.187500
v 2.062500 1.661612 0.150888
v 2.062500 1.625000 0.062500
v 2.062500 1.661612 -0.025888
v 2.062500 1.750000 -0.062500
v 2.062500 1.838388 -0.025888
v 2.437500 1.500000 -0.250000
v 2.437500 1.625000 -0.250000
v 2.400888 1.500000 -0.161612
v 2.400888 1.625000 -0.161612
v 2.312500 1.500000 -0.125000
v 2.312500 1.625000 -0.125000
v 2.224112 1.500000 -0.161612
v 2.224112 1.625000 -0.161612
v 2.187500 1.500000 -0.250000
v 2.187500 1.625000 -0.250000
v 2.224112 1.500000 -0.338388
v 2.224112 1.625000 -0.338388
v 2.312500 1.500000 -0.375000
v 2.312500 1.625000 -0.375000
v 2.400888 1.500000 -0.338388
v 2.400888 1.625000 -0.338388
v 2.187500 1.838388 -0.161612
v 2.187500 1.875000 -0.250000
v 2.187500 1.750000 -0.125000
v 2.187500 1.661612 -0.161612
v 2.187500 1.625000 -0.250000
v 2.187500 1.661612 -0.338388
v 2.187500 1.750000 -0.375000
v 2.187500 1.838388 -0.338388
v 2.382582 1.820082 -0.250000
v 2.356694 1.794194 -0.338388
v 2.294194 1.731694 -0.375000
v 2.231694 1.669194 -0.338388
v 2.205806 1.643306 -0.250000
v 2.231694 1.669194 -0.161612
v 2.294194 1.731694 -0.125000
v 2.356694 1.794194 -0.161612
v 2.062500 1.838388 -0.161612
v 2.062500 1.875000 -0.250000
v 2.062500 1.750000 -0.125000
v 2.062500 1.661612 -0.161612
v 2.062500 1.625000 -0.250000
v 2.062500 1.661612 -0.338388
v 2.062500 1.750000 -0.375000
v 2.062500 1.838388 -0.338388
vn 0.1266 0.9920 -0.0000
vn -0.0000 0.7071 0.7071
vn 0.0890 0.7208 0.6874
vn 0.0122 0.0098 0.9999
vn -0.0000 -0.7071 0.7071
vn 0.0910 -0.7362 0.6706
vn 0.3532 -0.9356 -0.0000
vn -0.0000 -0.7071 -0.7071
vn 0.0910 -0.7362 -0.6707
vn 0.0122 0.0098 -0.9999
vn -0.0000 0.7071 -0.7071
vn 0.0890 0.7208 -0.6874
vn -0.0000 -0.0000 1.0000
vn -0.0000 -1.0000 -0.0000
vn -0.0000 -0.0000 -1.0000
vn -0.0000 1.0000 -0.0000
vn 0.5351 0.5351 0.6537
vn 0.9920 0.1266 -0.0000
vn 0.7071 0.7071 -0.0000
vn 0.0957 0.0957 0.9908
vn 0.7208 0.0890 0.6874
vn -0.3487 -0.3487 0.8699
vn 0.0098 0.0122 0.9999
vn -0.7071 -0.7071 -0.0000
vn -0.7362 0.0910 0.6706
vn -0.7362 0.0910 -0.6706
vn -0.9356 0.3532 -0.0000
vn -0.3487 -0.3487 -0.8699
vn 0.0098 0.0122 -0.9999
vn 0.0957 0.0957 -0.9908
vn 0.7208 0.0890 -0.6874
vn 0.5351 0.5351 -0.6537
vn 1.0000 -0.0000 -0.0000
vn 0.7071 -0.0000 -0.7071
vn -0.7071 -0.0000 -0.7071
vn -1.0000 -0.0000 -0.0000
vn -0.7071 -0.0000 0.7071
vn 0.7071 -0.0000 0.7071
vn 0.0910 -0.7362 0.6707
vt 0.417969 0.340206
vt 0.414062 0.350515
vt 0.414062 0.340206
vt 0.425781 0.340206
vt 0.421875 0.350515
vt 0.421875 0.340206
vt 0.433594 0.340206
vt 0.429688 0.350515
vt 0.429688 0.340206
vt 0.441406 0.340206
vt 0.437500 0.350515
vt 0.437500 0.340206
vt 0.417969 0.350515
vt 0.425781 0.350515
vt 0.433594 0.350515
vt 0.445312 0.340206
vt 0.441406 0.350515
vt 0.417969 0.324742
vt 0.414062 0.329897
vt 0.414062 0.324742
vt 0.421875 0.324742
vt 0.417969 0.329897
vt 0.425781 0.324742
vt 0.421875 0.329897
vt 0.429688 0.324742
vt 0.425781 0.329897
vt 0.433594 0.329897
vt 0.429688 0.329897
vt 0.433594 0.324742
vt 0.437500 0.329897
vt 0.437500 0.324742
vt 0.441406 0.329897
vt 0.441406 0.324742
vt 0.445312 0.329897
vt 0.417969 0.335052
vt 0.414062 0.335052
vt 0.441406 0.335052
vt 0.437500 0.335052
vt 0.433594 0.335052
vt 0.429688 0.335052
vt 0.425781 0.335052
vt 0.421875 0.335052
vt 0.445312 0.319588
vt 0.441406 0.309278
vt 0.445312 0.309278
vt 0.441406 0.319588
vt 0.437500 0.309278
vt 0.437500 0.319588
vt 0.433594 0.309278
vt 0.433594 0.319588
vt 0.429688 0.309278
vt 0.429688 0.319588
vt 0.425781 0.309278
vt 0.425781 0.319588
vt 0.421875 0.309278
vt 0.417969 0.319588
vt 0.417969 0.309278
vt 0.414062 0.309278
vt 0.347656 0.319588
vt 0.343750 0.309278
vt 0.347656 0.309278
vt 0.351562 0.309278
vt 0.355469 0.319588
vt 0.355469 0.309278
vt 0.359375 0.319588
vt 0.359375 0.309278
vt 0.363281 0.319588
vt 0.363281 0.309278
vt 0.367188 0.319588
vt 0.367188 0.309278
vt 0.371094 0.319588
vt 0.371094 0.309278
vt 0.375000 0.319588
vt 0.375000 0.309278
vt 0.347656 0.329897
vt 0.351562 0.335052
vt 0.347656 0.335052
vt 0.351562 0.329897
vt 0.355469 0.335052
vt 0.355469 0.329897
vt 0.359375 0.335052
vt 0.363281 0.329897
vt 0.359375 0.329897
vt 0.367188 0.329897
vt 0.363281 0.335052
vt 0.371094 0.329897
vt 0.367188 0.335052
vt 0.375000 0.329897
vt 0.371094 0.335052
vt 0.343750 0.329897
vt 0.343750 0.335052
vt 0.371094 0.324742
vt 0.367188 0.324742
vt 0.363281 0.324742
vt 0.359375 0.324742
vt 0.355469 0.324742
vt 0.351562 0.324742
vt 0.347656 0.324742
vt 0.343750 0.324742
vt 0.375000 0.340206
vt 0.371094 0.350515
vt 0.371094 0.340206
vt 0.367188 0.340206
vt 0.363281 0.350515
vt 0.363281 0.340206
vt 0.359375 0.340206
vt 0.355469 0.350515
vt 0.355469 0.340206
vt 0.351562 0.340206
vt 0.347656 0.350515
vt 0.347656 0.340206
vt 0.367188 0.350515
vt 0.359375 0.350515
vt 0.351562 0.350515
vt 0.343750 0.350515
vt 0.343750 0.340206
vt 0.382812 0.309278
vt 0.378906 0.319588
vt 0.378906 0.309278
vt 0.386719 0.309278
vt 0.382812 0.319588
vt 0.390625 0.319588
vt 0.390625 0.309278
vt 0.394531 0.319588
vt 0.394531 0.309278
vt 0.398438 0.319588
vt 0.398438 0.309278
vt 0.402344 0.319588
vt 0.402344 0.309278
vt 0.406250 0.319588
vt 0.406250 0.309278
vt 0.410156 0.319588
vt 0.410156 0.309278
vt 0.382812 0.329897
vt 0.386719 0.335052
vt 0.382812 0.335052
vt 0.386719 0.329897
vt 0.390625 0.335052
vt 0.390625 0.329897
vt 0.394531 0.335052
vt 0.398438 0.329897
vt 0.394531 0.329897
vt 0.402344 0.329897
vt 0.398438 0.335052
vt 0.406250 0.329897
vt 0.402344 0.335052
vt 0.410156 0.329897
vt 0.406250 0.335052
vt 0.378906 0.329897
vt 0.378906 0.335052
vt 0.406250 0.324742
vt 0.402344 0.324742
vt 0.398438 0.324742
vt 0.394531 0.324742
vt 0.390625 0.324742
vt 0.386719 0.324742
vt 0.382812 0.324742
vt 0.378906 0.324742
vt 0.410156 0.340206
vt 0.406250 0.350515
vt 0.406250 0.340206
vt 0.402344 0.340206
vt 0.398438 0.350515
vt 0.398438 0.340206
vt 0.394531 0.340206
vt 0.390625 0.350515
vt 0.390625 0.340206
vt 0.386719 0.340206
vt 0.382812 0.350515
vt 0.382812 0.340206
vt 0.402344 0.350515
vt 0.394531 0.350515
vt 0.386719 0.350515
vt 0.378906 0.350515
vt 0.378906 0.340206
vt 0.445312 0.350515
vt 0.445312 0.324742
vt 0.445312 0.335052
vt 0.421875 0.319588
vt 0.414062 0.319588
vt 0.343750 0.319588
vt 0.351562 0.319588
vt 0.375000 0.335052
vt 0.375000 0.324742
vt 0.375000 0.350515
vt 0.386719 0.319588
vt 0.410156 0.335052
vt 0.410156 0.324742
vt 0.410156 0.350515
s 1
usemtl Texture
f 851/1096/29 836/1097/30 852/1098/31
f 850/1099/32 833/1100/33 849/1101/34
f 848/1102/35 831/1103/36 847/1104/37
f 846/1105/38 829/1106/39 845/1107/40
f 852/1101/31 834/1108/41 850/1096/32
f 849/1104/34 832/1109/42 848/1099/35
f 847/1107/37 830/1110/43 846/1102/38
f 845/1111/40 835/1112/44 851/1105/29
f 837/1113/45 867/1114/46 844/1115/47
f 838/1116/48 865/1117/49 837/1113/45
f 839/1118/50 863/1119/51 838/1116/48
f 840/1120/52 861/1121/53 839/1118/50
f 840/1120/52 857/1122/54 859/1123/55
f 841/1124/56 855/1125/57 857/1122/54
f 842/1126/58 853/1127/59 855/1125/57
f 843/1128/60 867/1129/46 853/1127/59
f 851/1114/29 837/1130/45 844/1131/47
f 851/1129/29 843/1132/60 845/1127/40
f 845/1127/40 842/1133/58 846/1125/38
f 846/1125/38 841/1134/56 847/1122/37
f 847/1122/37 840/1135/52 848/1123/35
f 849/1121/34 840/1135/52 839/1136/50
f 850/1119/32 839/1136/50 838/1137/48
f 852/1117/31 838/1137/48 837/1130/45
f 853/1138/59 868/1139/61 854/1140/62
f 855/1141/57 854/1142/62 856/1139/43
f 857/1143/54 856/1144/43 858/1142/63
f 859/1145/55 858/1146/63 860/1144/64
f 861/1147/53 860/1148/64 862/1146/65
f 863/1149/51 862/1150/65 864/1148/41
f 866/1150/66 863/1151/51 864/1152/41
f 867/1151/46 866/1153/66 868/1152/61
f 870/1154/46 871/1155/66 869/1156/61
f 871/1157/66 874/1154/51 873/1156/41
f 874/1158/51 875/1157/65 873/1159/41
f 876/1160/53 877/1159/64 875/1161/65
f 878/1162/55 879/1161/63 877/1163/64
f 880/1164/54 881/1163/43 879/1165/63
f 882/1166/57 883/1165/62 881/1167/43
f 884/1168/59 869/1167/61 883/1169/62
f 885/1170/31 899/1171/48 900/1172/45
f 887/1173/32 898/1174/50 899/1171/48
f 888/1175/67 897/1176/52 898/1174/50
f 890/1177/37 897/1176/52 889/1178/35
f 891/1179/38 896/1180/56 890/1177/37
f 892/1181/40 895/1182/58 891/1179/38
f 886/1183/29 894/1184/60 892/1181/40
f 886/1185/29 900/1172/45 893/1186/47
f 894/1187/60 870/1183/46 884/1181/59
f 895/1188/58 884/1181/59 882/1179/57
f 896/1189/56 882/1179/57 880/1177/54
f 897/1190/52 880/1177/54 878/1178/55
f 897/1190/52 876/1175/53 898/1191/50
f 898/1191/50 874/1173/51 899/1192/48
f 899/1192/48 872/1170/49 900/1193/45
f 900/1193/45 870/1185/46 893/1194/47
f 892/1195/40 902/1196/44 886/1197/29
f 890/1198/37 907/1199/43 891/1200/38
f 888/1201/67 905/1202/42 889/1203/35
f 885/1204/31 903/1205/41 887/1206/32
f 891/1197/38 908/1207/39 892/1198/40
f 889/1200/35 906/1208/36 890/1201/37
f 887/1203/32 904/1209/33 888/1204/67
f 886/1206/29 901/1210/30 885/1211/31
f 909/1212/61 912/1213/49 911/1214/66
f 911/1215/66 914/1216/51 913/1212/41
f 914/1217/51 915/1215/65 913/1218/41
f 916/1219/53 917/1218/64 915/1220/65
f 918/1221/55 919/1220/63 917/1222/64
f 920/1223/54 921/1222/43 919/1224/63
f 922/1225/57 923/1224/62 921/1226/43
f 924/1227/59 909/1226/61 923/1228/62
f 925/1229/31 939/1230/48 940/1231/45
f 927/1232/32 938/1233/50 939/1230/48
f 928/1234/67 937/1235/52 938/1233/50
f 930/1236/37 937/1235/52 929/1237/35
f 931/1238/38 936/1239/56 930/1236/37
f 932/1240/40 935/1241/58 931/1238/38
f 926/1242/29 934/1243/60 932/1240/40
f 926/1244/29 940/1231/45 933/1245/47
f 934/1246/60 910/1242/46 924/1240/59
f 935/1247/58 924/1240/59 922/1238/57
f 936/1248/56 922/1238/57 920/1236/54
f 937/1249/52 920/1236/54 918/1237/55
f 937/1249/52 916/1234/53 938/1250/50
f 938/1250/50 914/1232/51 939/1251/48
f 939/1251/48 912/1229/49 940/1252/45
f 940/1252/45 910/1244/46 933/1253/47
f 932/1254/40 942/1255/44 926/1256/29
f 930/1257/37 947/1258/43 931/1259/38
f 928/1260/67 945/1261/42 929/1262/35
f 925/1263/31 943/1264/41 927/1265/32
f 931/1256/38 948/1266/39 932/1257/40
f 929/1259/35 946/1267/36 930/1260/37
f 927/1262/32 944/1268/33 928/1263/67
f 926/1265/29 941/1269/30 925/1270/31
f 851/1096/29 835/1108/44 836/1097/30
f 850/1099/32 834/1109/41 833/1100/33
f 848/1102/35 832/1110/42 831/1103/36
f 846/1105/38 830/1112/43 829/1106/39
f 852/1101/31 836/1100/30 834/1108/41
f 849/1104/34 833/1103/33 832/1109/42
f 847/1107/37 831/1106/36 830/1110/43
f 845/1111/40 829/1271/39 835/1112/44
f 837/1113/45 865/1117/49 867/1114/46
f 838/1116/48 863/1119/51 865/1117/49
f 839/1118/50 861/1121/53 863/1119/51
f 840/1120/52 859/1123/55 861/1121/53
f 840/1120/52 841/1124/56 857/1122/54
f 841/1124/56 842/1126/58 855/1125/57
f 842/1126/58 843/1128/60 853/1127/59
f 843/1128/60 844/1272/47 867/1129/46
f 851/1114/29 852/1117/31 837/1130/45
f 851/1129/29 844/1273/47 843/1132/60
f 845/1127/40 843/1132/60 842/1133/58
f 846/1125/38 842/1133/58 841/1134/56
f 847/1122/37 841/1134/56 840/1135/52
f 849/1121/34 848/1123/35 840/1135/52
f 850/1119/32 849/1121/34 839/1136/50
f 852/1117/31 850/1119/32 838/1137/48
f 853/1138/59 867/1141/46 868/1139/61
f 855/1141/57 853/1143/59 854/1142/62
f 857/1143/54 855/1145/57 856/1144/43
f 859/1145/55 857/1147/54 858/1146/63
f 861/1147/53 859/1149/55 860/1148/64
f 863/1149/51 861/1274/53 862/1150/65
f 866/1150/66 865/1274/49 863/1151/51
f 867/1151/46 865/1275/49 866/1153/66
f 870/1154/46 872/1276/49 871/1155/66
f 871/1157/66 872/1277/49 874/1154/51
f 874/1158/51 876/1277/53 875/1157/65
f 876/1160/53 878/1158/55 877/1159/64
f 878/1162/55 880/1160/54 879/1161/63
f 880/1164/54 882/1162/57 881/1163/43
f 882/1166/57 884/1164/59 883/1165/62
f 884/1168/59 870/1166/46 869/1167/61
f 885/1170/31 887/1173/32 899/1171/48
f 887/1173/32 888/1175/67 898/1174/50
f 888/1175/67 889/1178/35 897/1176/52
f 890/1177/37 896/1180/56 897/1176/52
f 891/1179/38 895/1182/58 896/1180/56
f 892/1181/40 894/1184/60 895/1182/58
f 886/1183/29 893/1278/47 894/1184/60
f 886/1185/29 885/1170/31 900/1172/45
f 894/1187/60 893/1279/47 870/1183/46
f 895/1188/58 894/1187/60 884/1181/59
f 896/1189/56 895/1188/58 882/1179/57
f 897/1190/52 896/1189/56 880/1177/54
f 897/1190/52 878/1178/55 876/1175/53
f 898/1191/50 876/1175/53 874/1173/51
f 899/1192/48 874/1173/51 872/1170/49
f 900/1193/45 872/1170/49 870/1185/46
f 892/1195/40 908/1280/39 902/1196/44
f 890/1198/37 906/1207/36 907/1199/43
f 888/1201/67 904/1208/33 905/1202/42
f 885/1204/31 901/1209/30 903/1205/41
f 891/1197/38 907/1196/43 908/1207/39
f 889/1200/35 905/1199/42 906/1208/36
f 887/1203/32 903/1202/41 904/1209/33
f 886/1206/29 902/1205/44 901/1210/30
f 909/1212/61 910/1216/46 912/1213/49
f 911/1215/66 912/1281/49 914/1216/51
f 914/1217/51 916/1281/53 915/1215/65
f 916/1219/53 918/1217/55 917/1218/64
f 918/1221/55 920/1219/54 919/1220/63
f 920/1223/54 922/1221/57 921/1222/43
f 922/1225/57 924/1223/59 923/1224/62
f 924/1227/59 910/1225/46 909/1226/61
f 925/1229/31 927/1232/32 939/1230/48
f 927/1232/32 928/1234/67 938/1233/50
f 928/1234/67 929/1237/35 937/1235/52
f 930/1236/37 936/1239/56 937/1235/52
f 931/1238/38 935/1241/58 936/1239/56
f 932/1240/40 934/1243/60 935/1241/58
f 926/1242/29 933/1282/47 934/1243/60
f 926/1244/29 925/1229/31 940/1231/45
f 934/1246/60 933/1283/47 910/1242/46
f 935/1247/58 934/1246/60 924/1240/59
f 936/1248/56 935/1247/58 922/1238/57
f 937/1249/52 936/1248/56 920/1236/54
f 937/1249/52 918/1237/55 916/1234/53
f 938/1250/50 916/1234/53 914/1232/51
f 939/1251/48 914/1232/51 912/1229/49
f 940/1252/45 912/1229/49 910/1244/46
f 932/1254/40 948/1284/39 942/1255/44
f 930/1257/37 946/1266/36 947/1258/43
f 928/1260/67 944/1267/33 945/1261/42
f 925/1263/31 941/1268/30 943/1264/41
f 931/1256/38 947/1255/43 948/1266/39
f 929/1259/35 945/1258/42 946/1267/36
f 927/1262/32 943/1261/41 944/1268/33
f 926/1265/29 942/1264/44 941/1269/30
o Cylinder.002
v 1.000000 1.937500 0.000000
v 1.125000 1.937500 0.000000
v 1.000000 1.974112 0.088388
v 1.125000 1.974112 0.088388
v 1.000000 2.062500 0.125000
v 1.125000 2.062500 0.125000
v 1.000000 2.150888 0.088388
v 1.125000 2.150888 0.088388
v 1.000000 2.187500 0.000000
v 1.125000 2.187500 0.000000
v 1.000000 2.150888 -0.088388
v 1.125000 2.150888 -0.088388
v 1.000000 2.062500 -0.125000
v 1.125000 2.062500 -0.125000
v 1.000000 1.974112 -0.088388
v 1.125000 1.974112 -0.088388
v 1.000000 1.250000 0.000000
v 1.125000 1.250000 0.000000
v 1.000000 1.341529 0.220971
v 1.125000 1.341529 0.220971
v 1.000000 1.562500 0.312500
v 1.125000 1.562500 0.312500
v 1.000000 1.783471 0.220971
v 1.125000 1.783471 0.220971
v 1.000000 1.875000 0.000000
v 1.125000 1.875000 0.000000
v 1.000000 1.783471 -0.220971
v 1.125000 1.783471 -0.220971
v 1.000000 1.562500 -0.312500
v 1.125000 1.562500 -0.312500
v 1.000000 1.341529 -0.220971
v 1.125000 1.341529 -0.220971
v 1.000000 0.937500 0.000000
v 1.125000 0.937500 0.000000
v 1.000000 0.974112 0.088388
v 1.125000 0.974112 0.088388
v 1.000000 1.062500 0.125000
v 1.125000 1.062500 0.125000
v 1.000000 1.150888 0.088388
v 1.125000 1.150888 0.088388
v 1.000000 1.187500 0.000000
v 1.125000 1.187500 0.000000
v 1.000000 1.150888 -0.088388
v 1.125000 1.150888 -0.088388
v 1.000000 1.062500 -0.125000
v 1.125000 1.062500 -0.125000
v 1.000000 0.974112 -0.088388
v 1.125000 0.974112 -0.088388
vn -0.0000 -1.0000 -0.0000
vn -0.0000 -0.7071 0.7071
vn -0.0000 -0.0000 1.0000
vn -0.0000 0.7071 0.7071
vn -0.0000 1.0000 -0.0000
vn -0.0000 0.7071 -0.7071
vn -0.0000 -0.0000 -1.0000
vn -0.0000 -0.7071 -0.7071
vt 0.464844 0.335052
vt 0.460938 0.329897
vt 0.464844 0.329897
vt 0.460938 0.335052
vt 0.457031 0.329897
vt 0.457031 0.335052
vt 0.453125 0.329897
vt 0.453125 0.335052
vt 0.449219 0.329897
vt 0.480469 0.335052
vt 0.476562 0.329897
vt 0.480469 0.329897
vt 0.476562 0.335052
vt 0.472656 0.329897
vt 0.472656 0.335052
vt 0.468750 0.329897
vt 0.468750 0.335052
vt 0.464844 0.324742
vt 0.460938 0.319588
vt 0.464844 0.319588
vt 0.460938 0.324742
vt 0.457031 0.319588
vt 0.457031 0.324742
vt 0.453125 0.319588
vt 0.453125 0.324742
vt 0.449219 0.319588
vt 0.480469 0.324742
vt 0.476562 0.319588
vt 0.480469 0.319588
vt 0.476562 0.324742
vt 0.472656 0.319588
vt 0.472656 0.324742
vt 0.468750 0.319588
vt 0.468750 0.324742
vt 0.464844 0.314433
vt 0.460938 0.309278
vt 0.464844 0.309278
vt 0.460938 0.314433
vt 0.457031 0.309278
vt 0.457031 0.314433
vt 0.453125 0.309278
vt 0.453125 0.314433
vt 0.449219 0.309278
vt 0.480469 0.314433
vt 0.476562 0.309278
vt 0.480469 0.309278
vt 0.476562 0.314433
vt 0.472656 0.309278
vt 0.472656 0.314433
vt 0.468750 0.309278
vt 0.468750 0.314433
vt 0.449219 0.335052
vt 0.449219 0.324742
vt 0.449219 0.314433
s 1
usemtl Texture
f 950/1285/68 951/1286/69 949/1287/68
f 952/1288/69 953/1289/70 951/1286/69
f 954/1290/70 955/1291/71 953/1289/70
f 956/1292/71 957/1293/72 955/1291/71
f 958/1294/72 959/1295/73 957/1296/72
f 960/1297/73 961/1298/74 959/1295/73
f 962/1299/74 963/1300/75 961/1298/74
f 964/1301/75 949/1287/68 963/1300/75
f 966/1302/68 967/1303/69 965/1304/68
f 968/1305/69 969/1306/70 967/1303/69
f 970/1307/70 971/1308/71 969/1306/70
f 972/1309/71 973/1310/72 971/1308/71
f 974/1311/72 975/1312/73 973/1313/72
f 976/1314/73 977/1315/74 975/1312/73
f 978/1316/74 979/1317/75 977/1315/74
f 980/1318/75 965/1304/68 979/1317/75
f 982/1319/68 983/1320/69 981/1321/68
f 984/1322/69 985/1323/70 983/1320/69
f 986/1324/70 987/1325/71 985/1323/70
f 988/1326/71 989/1327/72 987/1325/71
f 990/1328/72 991/1329/73 989/1330/72
f 992/1331/73 993/1332/74 991/1329/73
f 994/1333/74 995/1334/75 993/1332/74
f 996/1335/75 981/1321/68 995/1334/75
f 950/1285/68 952/1288/69 951/1286/69
f 952/1288/69 954/1290/70 953/1289/70
f 954/1290/70 956/1292/71 955/1291/71
f 956/1292/71 958/1336/72 957/1293/72
f 958/1294/72 960/1297/73 959/1295/73
f 960/1297/73 962/1299/74 961/1298/74
f 962/1299/74 964/1301/75 963/1300/75
f 964/1301/75 950/1285/68 949/1287/68
f 966/1302/68 968/1305/69 967/1303/69
f 968/1305/69 970/1307/70 969/1306/70
f 970/1307/70 972/1309/71 971/1308/71
f 972/1309/71 974/1337/72 973/1310/72
f 974/1311/72 976/1314/73 975/1312/73
f 976/1314/73 978/1316/74 977/1315/74
f 978/1316/74 980/1318/75 979/1317/75
f 980/1318/75 966/1302/68 965/1304/68
f 982/1319/68 984/1322/69 983/1320/69
f 984/1322/69 986/1324/70 985/1323/70
f 986/1324/70 988/1326/71 987/1325/71
f 988/1326/71 990/1338/72 989/1327/72
f 990/1328/72 992/1331/73 991/1329/73
f 992/1331/73 994/1333/74 993/1332/74
f 994/1333/74 996/1335/75 995/1334/75
f 996/1335/75 982/1319/68 981/1321/68
o Cylinder.003
v -1.313572 0.686427 0.187500
v -1.313572 0.436427 0.187500
v -1.276961 0.686427 0.275888
v -1.276961 0.436427 0.275888
v -1.188572 0.686427 0.312500
v -1.188572 0.436427 0.312500
v -1.100184 0.686427 0.275888
v -1.100184 0.436427 0.275888
v -1.063572 0.686427 0.187500
v -1.063572 0.436427 0.187500
v -1.100184 0.686427 0.099112
v -1.100184 0.436427 0.099112
v -1.188572 0.686427 0.062500
v -1.188572 0.436427 0.062500
v -1.276961 0.686427 0.099112
v -1.276961 0.436427 0.099112
v -1.063572 0.223039 0.275888
v -1.063572 0.186427 0.187500
v -1.063572 0.311427 0.312500
v -1.063572 0.399816 0.275888
v -1.063572 0.436427 0.187500
v -1.063572 0.399816 0.099112
v -1.063572 0.311427 0.062500
v -1.063572 0.223039 0.099112
v -1.258655 0.241345 0.187500
v -1.232766 0.267233 0.099112
v -1.170266 0.329733 0.062500
v -1.107766 0.392233 0.099112
v -1.081878 0.418122 0.187500
v -1.107766 0.392233 0.275888
v -1.170266 0.329733 0.312500
v -1.232766 0.267233 0.275888
v 1.123928 0.223039 0.275888
v 1.123928 0.186427 0.187500
v 1.123928 0.311427 0.312500
v 1.123928 0.399816 0.275888
v 1.123928 0.436427 0.187500
v 1.123928 0.399816 0.099112
v 1.123928 0.311427 0.062500
v 1.123928 0.223039 0.099112
v 1.123928 0.223039 -0.275888
v 1.123928 0.311427 -0.312500
v 1.123928 0.399816 -0.275888
v 1.123928 0.436427 -0.187500
v 1.123928 0.399816 -0.099112
v 1.123928 0.311427 -0.062500
v 1.123928 0.186427 -0.187500
v 1.123928 0.223039 -0.099112
v -1.232766 0.267233 -0.099112
v -1.170266 0.329733 -0.062500
v -1.107766 0.392233 -0.099112
v -1.081878 0.418122 -0.187500
v -1.107766 0.392233 -0.275888
v -1.170266 0.329733 -0.312500
v -1.232766 0.267233 -0.275888
v -1.258655 0.241345 -0.187500
v -1.063572 0.223039 -0.275888
v -1.063572 0.311427 -0.312500
v -1.063572 0.399816 -0.275888
v -1.063572 0.436427 -0.187500
v -1.063572 0.399816 -0.099112
v -1.063572 0.311427 -0.062500
v -1.063572 0.186427 -0.187500
v -1.063572 0.223039 -0.099112
v -1.276961 0.436427 -0.275888
v -1.276961 0.686427 -0.275888
v -1.188572 0.436427 -0.312500
v -1.188572 0.686427 -0.312500
v -1.100184 0.436427 -0.275888
v -1.100184 0.686427 -0.275888
v -1.063572 0.436427 -0.187500
v -1.063572 0.686427 -0.187500
v -1.100184 0.436427 -0.099112
v -1.100184 0.686427 -0.099112
v -1.188572 0.436427 -0.062500
v -1.188572 0.686427 -0.062500
v -1.276961 0.436427 -0.099112
v -1.276961 0.686427 -0.099112
v -1.313572 0.436427 -0.187500
v -1.313572 0.686427 -0.187500
vn -0.9920 -0.1266 -0.0000
vn -0.7071 -0.0000 0.7071
vn -1.0000 -0.0000 -0.0000
vn -0.7208 -0.0890 0.6874
vn -0.0000 -0.0000 1.0000
vn 0.7362 -0.0910 0.6706
vn 0.7071 -0.0000 0.7071
vn 1.0000 -0.0000 -0.0000
vn 0.9356 -0.3532 -0.0000
vn 0.7071 -0.0000 -0.7071
vn 0.7362 -0.0910 -0.6706
vn -0.0000 -0.0000 -1.0000
vn -0.0098 -0.0122 -0.9999
vn -0.7071 -0.0000 -0.7071
vn -0.7208 -0.0890 -0.6874
vn -0.0890 -0.7208 0.6874
vn -0.0957 -0.0957 0.9908
vn -0.5351 -0.5351 0.6537
vn -0.0122 -0.0098 0.9999
vn 0.3487 0.3487 0.8699
vn -0.0910 0.7362 0.6706
vn 0.7071 0.7071 -0.0000
vn -0.0910 0.7362 -0.6706
vn -0.3532 0.9356 -0.0000
vn -0.0122 -0.0098 -0.9999
vn 0.3487 0.3487 -0.8699
vn -0.0890 -0.7208 -0.6874
vn -0.0957 -0.0957 -0.9908
vn -0.1266 -0.9920 -0.0000
vn -0.5351 -0.5351 -0.6537
vn -0.7071 -0.7071 -0.0000
vn -0.0098 -0.0122 0.9999
vn -0.0000 -1.0000 -0.0000
vn -0.0000 0.7071 -0.7071
vn -0.0000 1.0000 -0.0000
vn -0.0000 -0.7071 -0.7071
vn -0.0000 0.7071 0.7071
vn -0.0000 -0.7071 0.7071
vt 0.156250 0.077320
vt 0.171875 0.072165
vt 0.171875 0.077320
vt 0.156250 0.082474
vt 0.171875 0.082474
vt 0.171875 0.087629
vt 0.156250 0.092784
vt 0.171875 0.092784
vt 0.156250 0.056701
vt 0.171875 0.051546
vt 0.171875 0.056701
vt 0.156250 0.061856
vt 0.171875 0.061856
vt 0.156250 0.067010
vt 0.171875 0.067010
vt 0.156250 0.072165
vt 0.144531 0.082474
vt 0.148438 0.077320
vt 0.148438 0.082474
vt 0.144531 0.087629
vt 0.148438 0.087629
vt 0.144531 0.092784
vt 0.148438 0.092784
vt 0.144531 0.051546
vt 0.148438 0.056701
vt 0.144531 0.056701
vt 0.148438 0.061856
vt 0.144531 0.061856
vt 0.148438 0.067010
vt 0.144531 0.067010
vt 0.148438 0.072165
vt 0.144531 0.072165
vt 0.144531 0.077320
vt 0.152344 0.067010
vt 0.152344 0.072165
vt 0.152344 0.061856
vt 0.152344 0.056701
vt 0.152344 0.051546
vt 0.152344 0.092784
vt 0.152344 0.087629
vt 0.152344 0.082474
vt 0.152344 0.077320
vt 0.140625 0.072165
vt 0.003906 0.067010
vt 0.140625 0.067010
vt 0.140625 0.056701
vt 0.003906 0.061856
vt 0.003906 0.056701
vt 0.140625 0.092784
vt 0.003906 0.087629
vt 0.140625 0.087629
vt 0.140625 0.082474
vt 0.003906 0.077320
vt 0.140625 0.077320
vt 0.140625 0.061856
vt 0.003906 0.051546
vt 0.140625 0.051546
vt 0.003906 0.082474
vt 0.003906 0.072165
vt 0.140625 0.030928
vt 0.003906 0.025773
vt 0.140625 0.025773
vt 0.140625 0.041237
vt 0.003906 0.036082
vt 0.140625 0.036082
vt 0.140625 0.010309
vt 0.003906 0.005155
vt 0.140625 0.005155
vt 0.140625 0.020619
vt 0.003906 0.015464
vt 0.140625 0.015464
vt 0.003906 0.030928
vt 0.140625 0.046392
vt 0.003906 0.041237
vt 0.003906 0.010309
vt 0.003906 0.020619
vt 0.148438 0.025773
vt 0.152344 0.030928
vt 0.148438 0.030928
vt 0.152344 0.036082
vt 0.148438 0.036082
vt 0.152344 0.041237
vt 0.148438 0.041237
vt 0.152344 0.046392
vt 0.148438 0.046392
vt 0.148438 0.010309
vt 0.152344 0.005155
vt 0.152344 0.010309
vt 0.148438 0.015464
vt 0.152344 0.015464
vt 0.148438 0.020619
vt 0.152344 0.020619
vt 0.152344 0.025773
vt 0.144531 0.030928
vt 0.144531 0.020619
vt 0.144531 0.025773
vt 0.144531 0.015464
vt 0.144531 0.010309
vt 0.144531 0.005155
vt 0.144531 0.046392
vt 0.144531 0.041237
vt 0.144531 0.036082
vt 0.156250 0.025773
vt 0.171875 0.020619
vt 0.171875 0.025773
vt 0.156250 0.020619
vt 0.171875 0.015464
vt 0.156250 0.015464
vt 0.171875 0.010309
vt 0.156250 0.010309
vt 0.171875 0.005155
vt 0.156250 0.046392
vt 0.171875 0.041237
vt 0.171875 0.046392
vt 0.156250 0.036082
vt 0.171875 0.036082
vt 0.171875 0.030928
vt 0.156250 0.030928
vt 0.156250 0.087629
vt 0.156250 0.051546
vt 0.148438 0.051546
vt 0.003906 0.092784
vt 0.003906 0.046392
vt 0.148438 0.005155
vt 0.156250 0.005155
vt 0.156250 0.041237
s 1
usemtl Texture
f 998/1339/76 999/1340/77 997/1341/78
f 1000/1342/79 1001/1341/80 999/1343/77
f 1001/1344/80 1004/1342/81 1003/1343/82
f 1004/1345/81 1005/1344/83 1003/1346/82
f 1006/1347/84 1007/1348/85 1005/1349/83
f 1008/1350/86 1009/1349/87 1007/1351/85
f 1010/1352/88 1011/1351/89 1009/1353/87
f 1012/1354/90 997/1353/78 1011/1340/89
f 1013/1355/91 1027/1356/92 1028/1357/93
f 1015/1358/94 1026/1357/95 1027/1359/92
f 1016/1360/96 1025/1359/97 1026/1361/95
f 1018/1362/98 1025/1363/97 1017/1364/99
f 1019/1364/100 1024/1365/101 1018/1366/98
f 1020/1366/102 1023/1367/103 1019/1368/100
f 1014/1368/104 1022/1369/105 1020/1370/102
f 1014/1371/104 1028/1369/93 1021/1356/106
f 1022/1369/105 998/1372/76 1012/1373/90
f 1023/1367/103 1012/1374/90 1010/1372/88
f 1024/1365/101 1010/1375/88 1008/1374/86
f 1025/1363/97 1008/1376/86 1006/1375/84
f 1025/1359/97 1004/1377/81 1026/1361/95
f 1026/1357/95 1002/1378/107 1027/1359/92
f 1027/1356/92 1000/1379/79 1028/1357/93
f 1028/1369/93 998/1380/76 1021/1356/106
f 1020/1381/102 1030/1382/108 1014/1383/104
f 1019/1384/100 1034/1385/109 1035/1386/87
f 1016/1387/96 1033/1388/110 1017/1389/99
f 1013/1390/91 1031/1391/80 1015/1392/94
f 1019/1383/100 1036/1385/111 1020/1393/102
f 1017/1384/99 1034/1394/109 1018/1395/98
f 1015/1389/94 1032/1396/112 1016/1390/96
f 1014/1392/104 1029/1397/113 1013/1381/91
f 1059/1398/104 1044/1399/113 1060/1400/91
f 1058/1401/94 1041/1402/112 1057/1403/96
f 1056/1404/99 1039/1405/109 1055/1406/98
f 1054/1407/100 1037/1408/111 1053/1409/102
f 1060/1403/91 1042/1410/80 1058/1398/94
f 1057/1411/96 1040/1412/110 1056/1401/99
f 1055/1409/98 1038/1413/87 1054/1404/100
f 1053/1400/102 1043/1414/108 1059/1407/104
f 1045/1415/93 1075/1416/76 1052/1417/106
f 1046/1417/92 1073/1418/79 1045/1419/93
f 1047/1419/95 1071/1420/107 1046/1421/92
f 1048/1421/97 1069/1422/81 1047/1423/95
f 1048/1424/97 1065/1425/86 1067/1426/84
f 1049/1427/101 1063/1426/88 1065/1428/86
f 1050/1429/103 1061/1428/90 1063/1430/88
f 1051/1415/105 1075/1430/76 1061/1431/90
f 1059/1432/104 1045/1415/93 1052/1417/106
f 1059/1433/104 1051/1415/105 1053/1434/102
f 1053/1435/102 1050/1429/103 1054/1433/100
f 1054/1436/100 1049/1427/101 1055/1435/98
f 1055/1437/98 1048/1424/97 1056/1436/99
f 1057/1438/96 1048/1421/97 1047/1423/95
f 1058/1439/94 1047/1419/95 1046/1421/92
f 1060/1440/91 1046/1417/92 1045/1419/93
f 1061/1441/90 1076/1442/78 1062/1443/89
f 1063/1444/88 1062/1445/89 1064/1442/87
f 1065/1446/86 1064/1447/87 1066/1445/85
f 1067/1448/84 1066/1449/85 1068/1447/83
f 1069/1450/81 1068/1451/83 1070/1452/82
f 1072/1451/80 1069/1453/81 1070/1454/82
f 1073/1453/79 1072/1455/80 1074/1454/77
f 1075/1456/76 1074/1443/77 1076/1455/78
f 998/1339/76 1000/1354/79 999/1340/77
f 1000/1342/79 1002/1339/107 1001/1341/80
f 1001/1344/80 1002/1457/107 1004/1342/81
f 1004/1345/81 1006/1457/84 1005/1344/83
f 1006/1347/84 1008/1458/86 1007/1348/85
f 1008/1350/86 1010/1347/88 1009/1349/87
f 1010/1352/88 1012/1350/90 1011/1351/89
f 1012/1354/90 998/1352/76 997/1353/78
f 1013/1355/91 1015/1371/94 1027/1356/92
f 1015/1358/94 1016/1355/96 1026/1357/95
f 1016/1360/96 1017/1358/99 1025/1359/97
f 1018/1362/98 1024/1459/101 1025/1363/97
f 1019/1364/100 1023/1363/103 1024/1365/101
f 1020/1366/102 1022/1365/105 1023/1367/103
f 1014/1368/104 1021/1367/106 1022/1369/105
f 1014/1371/104 1013/1370/91 1028/1369/93
f 1022/1369/105 1021/1367/106 998/1372/76
f 1023/1367/103 1022/1365/105 1012/1374/90
f 1024/1365/101 1023/1363/103 1010/1375/88
f 1025/1363/97 1024/1459/101 1008/1376/86
f 1025/1359/97 1006/1378/84 1004/1377/81
f 1026/1357/95 1004/1379/81 1002/1378/107
f 1027/1356/92 1002/1380/107 1000/1379/79
f 1028/1369/93 1000/1373/79 998/1380/76
f 1020/1381/102 1036/1397/111 1030/1382/108
f 1019/1384/100 1018/1393/98 1034/1385/109
f 1016/1387/96 1032/1460/112 1033/1388/110
f 1013/1390/91 1029/1396/113 1031/1391/80
f 1019/1383/100 1035/1382/87 1036/1385/111
f 1017/1384/99 1033/1386/110 1034/1394/109
f 1015/1389/94 1031/1388/80 1032/1396/112
f 1014/1392/104 1030/1391/108 1029/1397/113
f 1059/1398/104 1043/1410/108 1044/1399/113
f 1058/1401/94 1042/1412/80 1041/1402/112
f 1056/1404/99 1040/1413/110 1039/1405/109
f 1054/1407/100 1038/1414/87 1037/1408/111
f 1060/1403/91 1044/1402/113 1042/1410/80
f 1057/1411/96 1041/1461/112 1040/1412/110
f 1055/1409/98 1039/1408/109 1038/1413/87
f 1053/1400/102 1037/1399/111 1043/1414/108
f 1045/1415/93 1073/1431/79 1075/1416/76
f 1046/1417/92 1071/1416/107 1073/1418/79
f 1047/1419/95 1069/1418/81 1071/1420/107
f 1048/1421/97 1067/1420/84 1069/1422/81
f 1048/1424/97 1049/1462/101 1065/1425/86
f 1049/1427/101 1050/1424/103 1063/1426/88
f 1050/1429/103 1051/1427/105 1061/1428/90
f 1051/1415/105 1052/1429/106 1075/1430/76
f 1059/1432/104 1060/1434/91 1045/1415/93
f 1059/1433/104 1052/1429/106 1051/1415/105
f 1053/1435/102 1051/1427/105 1050/1429/103
f 1054/1436/100 1050/1424/103 1049/1427/101
f 1055/1437/98 1049/1462/101 1048/1424/97
f 1057/1438/96 1056/1439/99 1048/1421/97
f 1058/1439/94 1057/1440/96 1047/1419/95
f 1060/1440/91 1058/1432/94 1046/1417/92
f 1061/1441/90 1075/1444/76 1076/1442/78
f 1063/1444/88 1061/1446/90 1062/1445/89
f 1065/1446/86 1063/1448/88 1064/1447/87
f 1067/1448/84 1065/1463/86 1066/1449/85
f 1069/1450/81 1067/1464/84 1068/1451/83
f 1072/1451/80 1071/1464/107 1069/1453/81
f 1073/1453/79 1071/1456/107 1072/1455/80
f 1075/1456/76 1073/1441/79 1074/1443/77
